---,Name,Attribute,Type,SP_Cost,Power,Inheritable,Description,LearnNames,LearnLevels
1,Acceleration Boost,Neutral,Support,6,0,Inheritable,Doubles damage output in the next turn.,"(""Tyrannomon"",""Flamedramon"",""SkullGreymon"",""BurningGreymon"",""Monochromon"",""OmniShoutmon"",""Gallantmon NX"",""Greymon"",""Crusadermon NX"",""Agunimon"",""Darkdramon"",""Beelzemon BM"",""BanchoLeomon"",""Chaosdramon"",""Dorugoramon"",""Justimon"",""Ouryumon"",""SaberLeomon"",""Gankoomon"",""Omnimon Zwart"",""Sistermon C (Awake.)"",""ShineGreymon BM"")","(""10"",""10"",""15"",""15"",""18"",""20"",""25"",""25"",""25"",""25"",""35"",""35"",""35"",""35"",""35"",""35"",""35"",""35"",""35"",""50"",""55"",""65"")"
2,Adhesive Bubble Blow,Plant,Physical,2,25,Special Move,"Physical attack, 25 Plant damage to one foe. 10% chance of reducing target's SPD by 10%.","(""Pabumon"",""Tanemon"")","(""1"",""1"")"
3,Agility Charge,Neutral,Support,6,0,Inheritable,Increases EVA of one battle member by 10%.,"(""Gaomon"",""Duramon"",""Bakemon"",""Peckmon"",""Garurumon (Blk)"",""GrapLeomon"",""Panjyamon"")","(""12"",""15"",""18"",""18"",""25"",""25"",""25"")"
4,Aguichant LÃ¨vres,Light,Magic,40,0,Special Move,INT-penetrating strong Light attack on one foe. Absorbs 50% of the damage as HP.,"(""Rosemon BM"")","(""1"")"
5,Air Bubbles,Water,Magic,2,30,Special Move,"Magic attack, 30 Water damage to one foe.","(""Bukamon"")","(""1"")"
6,Air Shot,Wind,Magic,5,50,Special Move,"Magic attack, 50 Wind damage to one foe. 10% chance of increasing SPD by 10%.","(""Patamon"")","(""1"")"
7,Ambush Crunch,Neutral,Physical,10,90,Special Move,"Physical attack, 90 Neutral damage to one foe. Tends to critical more often.","(""Raptordramon"")","(""1"")"
8,Amethyst Mandala,Light,Magic,20,70,Special Move,"Magic attack, 70 Light damage to all foes. Undoes base stat boosts on target.","(""Sakuyamon"")","(""1"")"
9,Animal Nail,Earth,Physical,15,115,Special Move,"Physical attack, 115 Earth damage to one foe.","(""Pandamon"")","(""1"")"
10,Anti-Bug,Neutral,Support,4,0,Inheritable,Recover Bug from one party member and restore some HP.,"(""PlatinumSukamon"",""Grademon"")","(""10"",""15"")"
11,Anti-Panic,Neutral,Support,4,0,Inheritable,Recover Panic from one party member and restore some HP.,"(""Gabumon (Blk)"",""Gomamon"",""Renamon"",""Seadramon"",""Knightmon"")","(""12"",""12"",""12"",""18"",""25"")"
12,Anti-Paralysis,Neutral,Support,4,0,Inheritable,Recover Paralyze from one party member and restore some HP.,"(""Falcomon"",""Betamon"",""Togemon"",""Antylamon"")","(""12"",""12"",""18"",""25"")"
13,Anti-Poison,Neutral,Support,4,0,Inheritable,Recover Poison from one party member and restore some HP.,"(""Palmon"",""Lalamon"",""Birdramon"",""Chirinmon"")","(""12"",""12"",""18"",""25"")"
14,Anti-Sleep,Neutral,Support,4,0,Inheritable,Recover Sleep from one party member and restore some HP.,"(""Otamamon"",""Syakomon"",""Gekomon"",""SuperStarmon"")","(""12"",""12"",""25"",""25"")"
15,Anti-Stun,Neutral,Support,4,0,Inheritable,Recover Stun from one party member and restore some HP.,"(""Gaomon"",""Gabumon"",""Ankylomon"",""MachGaogamon"")","(""6"",""12"",""18"",""25"")"
16,Antidote,Neutral,Support,4,0,Inheritable,Recover Dot from one party member and restore some HP.,"(""GoldNumemon"",""BlackKingNumemon"",""GroundLocomon"")","(""10"",""15"",""35"")"
17,Arctic Blizzard,Water,Physical,20,125,Special Move,"Physical attack, 125 Water damage to one foe. 40% chance of stunning target.","(""Vikemon"")","(""1"")"
18,Atomic Blaster,Electric,Physical,15,250,Special Move,"Physical attack, 250 Electric damage to one foe. Cannot move from recoil for one turn.","(""WarGrowlmon"")","(""1"")"
19,Atomic Ray,Electric,Physical,20,125,Special Move,"Physical attack, 125 Electric damage to one foe. 40% chance of stunning target.","(""HiAndromon"")","(""1"")"
20,Attack Break,Neutral,Support,6,0,Inheritable,Reduces ATK of one enemy by 10%.,"(""DemiDevimon"",""Gekomon"",""Nanimon"",""Cyberdramon"",""DoruGreymon"",""Arcadiamon Ultimate"")","(""12"",""18"",""18"",""25"",""25"",""25"")"
21,Attack Break Field,Neutral,Support,20,0,Inheritable,Reduces ATK of all enemies by 10%.,"(""Ebemon"",""PlatinumNumemon"",""ShineGreymon BM"",""MirageGaogamon BM"",""MetalSeadramon"",""Alphamon NX"",""Examon"",""GranKuwagamon"",""Dynasmon"",""Boltmon"",""Lilithmon"")","(""20"",""35"",""35"",""35"",""50"",""55"",""65"",""65"",""65"",""65"",""65"")"
22,Attack Charge,Neutral,Support,6,0,Inheritable,Increases ATK of one member by 10%.,"(""Meramon"",""Coredramon (Blue)"",""BaoHuckmon"",""Agumon"",""Guilmon"",""Zubamon"",""Monodramon"",""Leomon"",""Ginryumon"",""ShineGreymon BM"",""MetalGreymon"")","(""10"",""10"",""10"",""12"",""12"",""12"",""12"",""18"",""18"",""20"",""25"")"
23,Attack Charge Field,Neutral,Support,20,0,Inheritable,Increases ATK of all battle members by 10%.,"(""Sistermon C (Awake.)"",""Imperialdramon DM"",""Imperialdramon FM"",""KingEtemon"",""Slayerdramon"",""Leopardmon NX"",""WarGreymon"",""Gankoomon"",""Jesmon"",""Machinedramon"",""Omnimon"",""BanchoLeomon"",""Beelzemon BM"",""Durandamon"",""Dorugoramon"",""Ouryumon"")","(""25"",""35"",""35"",""35"",""35"",""40"",""50"",""50"",""50"",""50"",""50"",""65"",""65"",""65"",""65"",""65"")"
24,Aura,Neutral,Support,10,0,Inheritable,Restores a little HP for all party members.,"(""Gatomon"",""MudFrigimon"",""Frigimon"",""Reppamon"",""Andromon"",""Angewomon"",""Lilamon"",""Hudiemon"",""ShineGreymon"",""MetalGarurumon"",""Ravemon"",""MagnaGarurumon"",""MagnaGarurumon (SV)"")","(""18"",""18"",""25"",""25"",""25"",""25"",""25"",""25"",""35"",""35"",""35"",""50"",""50"")"
25,Aurora Blaster,Light,Magic,25,120,Special Move,"Magic attack, 120 Light damage to one foe. Undoes stat boosts on target.","(""Chaosmon VA"")","(""1"")"
26,Aurora Undulation,Light,Magic,20,80,Special Move,"Magic Attack, 80 Light damage to all foes. Always hits. Removes all abnormal statuses.","(""Varodurumon"")","(""1"")"
27,Awesome Quake I,Earth,Physical,4,30,Inheritable,"Physical attack, 30 Earth damage to all foes. 95% accuracy.","(""Golemon"",""Meteormon"",""DoruGreymon"",""Pumpkinmon"",""Mamemon"",""MetalGreymon (Blue)"",""WereGarurumon"",""Groundramon"",""Triceramon"",""Cyclonemon"",""Ankylomon"",""MudFrigimon"",""Monochromon"",""Volcanomon"")","(""10"",""15"",""15"",""15"",""15"",""15"",""15"",""15"",""15"",""18"",""25"",""25"",""25"",""35"")"
28,Awesome Quake II,Earth,Physical,7,45,Inheritable,"Physical attack, 45 Earth damage to all foes. 95% accuracy.","(""Titamon"",""BanchoLeomon"",""Magnamon"",""KingEtemon"",""Merukimon"",""Craniamon"",""BurningGreymon"",""Mamemon"",""WereGarurumon"",""Groundramon"",""ShineGreymon"",""MetalEtemon"",""KaiserGreymon"")","(""20"",""20"",""20"",""20"",""20"",""35"",""35"",""45"",""45"",""45"",""50"",""50"",""65"")"
29,Awesome Quake III,Earth,Physical,10,75,Inheritable,"Physical attack, 75 Earth damage to all foes. 95% accuracy.","(""Crusadermon NX"",""Leopardmon"",""Leopardmon LM"",""Craniamon"",""Titamon"",""BanchoLeomon"",""MetalEtemon"",""Magnamon"",""Brakedramon"")","(""55"",""65"",""65"",""80"",""80"",""80"",""80"",""80"",""80"")"
30,Baby Breath,Fire,Physical,5,75,Special Move,"Physical attack, 75 Fire damage to one foe.","(""Dracomon"")","(""1"")"
31,Banana Slip,Dark,Magic,20,115,Special Move,"Magic attack, 115 Dark damage to one foe. 80% chance of stunning target.","(""MetalEtemon"")","(""1"")"
32,Bantyo Blade,Neutral,Physical,20,150,Special Move,"Physical attack, 150 Neutral damage to one foe. Damage tends to fluctuate.","(""Chaosmon"",""Chaosmon VA"")","(""1"",""1"")"
33,Berserk Sword,Neutral,Direct,15,0,Special Move,Inflict Death on one enemy. 30% accuracy.,"(""Knightmon"")","(""1"")"
34,Bifrost,Light,Magic,25,120,Special Move,"Magic attack, 120 Light damage to one foe. Increases SPD by 10%.","(""Kentaurosmon"")","(""1"")"
35,Big Bang Voice,Neutral,Physical,30,0,Special Move,DEF-penetrating medium Neutral attack on all foes. 20% chance of inflicting Paralysis.,"(""Volcanomon"")","(""1"")"
36,Bit Fire,Fire,Physical,10,30,Special Move,"3 physical attacks, 30 Fire damage to one foe.","(""Greymon (Blue)"")","(""1"")"
37,Bite,Neutral,Physical,2,40,Special Move,"Physical attack, 40 Neutral damage to one foe.","(""Tokomon"")","(""1"")"
38,Biting Crush,Water,Physical,25,145,Special Move,"Physical attack, 145 Water damage to one foe. 15% chance of instantly killing target.","(""Leviamon"")","(""1"")"
39,Black Aura Blast,Dark,Magic,25,110,Special Move,"Magic attack, 110 Dark damage to one foe. Decreases target's DEF by 20%","(""Leopardmon"")","(""1"")"
40,Black Aura Blast,Dark,Magic,25,110,Special Move,"Magic attack, 110 Dark damage to one foe. Reduces target's DEF by 20%.","(""Leopardmon NX"")","(""1"")"
41,Black Pearl Blast,Water,Magic,5,25,Special Move,"Magic attack, 25 Water damage to all foes.","(""Syakomon"")","(""1"")"
42,Black Rain,Dark,Physical,25,110,Special Move,"Physical attack, 110 Dark damage to all foes. 20% chance of confusing target.","(""Armageddemon"")","(""1"")"
43,Black Tornado,Dark,Physical,35,0,Special Move,DEF-penetrating extra strong Dark attack on one foe.,"(""BlackWarGreymon"")","(""1"")"
44,Blade of the Dragon King,Light,Physical,25,150,Special Move,"Physical attack, 150 Light damage to one foe.","(""Alphamon"")","(""1"")"
45,Blade of the Dragon King,Light,Physical,25,120,Special Move,"Physical attack, 120 Light damage to one foe.","(""Alphamon NX"")","(""1"")"
46,Blaze Sonic Breath,Fire,Physical,15,100,Special Move,"Physical attack, 100 Fire damage to one foe. Increases SPD by 10%.","(""Wingdramon"")","(""1"")"
47,Blazing Ice,Water,Magic,5,60,Special Move,"Magic attack, 60 Water damage to one foe.","(""Lopmon"")","(""1"")"
48,Blinded,Neutral,Physical,15,115,Special Move,"Physical attack, 115 Neutral damage to one foe. Tends to critical more often.","(""Duramon"")","(""1"")"
49,Blinding Ray,Light,Magic,5,65,Special Move,"Magic attack, 65 Light damage to one foe.","(""Kudamon"")","(""1"")"
50,Blue Blaster,Fire,Physical,5,65,Special Move,"Physical attack, 65 Fire damage to one foe. 10% chance of reducing target's DEF by 10%.","(""Gabumon"")","(""1"")"
51,Blue Flare Breath,Fire,Physical,10,85,Special Move,"Physical attack, 85 Fire damage to one foe. Always hits. Reduces target's DEF by 10%.","(""Coredramon (Blue)"")","(""1"")"
52,Brain Rupture,Electric,Magic,20,115,Special Move,"Magic attack, 115 Electric damage to one foe. 50% chance of confusing target.","(""Ebemon"")","(""1"")"
53,Branch Drain,Plant,Physical,10,75,Special Move,"Physical attack, 75 Plant damage to one foe, absorbs 20% into HP.","(""Woodmon"")","(""1"")"
54,Brave Metal,Dark,Physical,20,200,Special Move,"Physical attack, 200 Dark damage to one foe. Cannot move from recoil for one turn.","(""Dorugoramon"")","(""1"")"
55,Breath of the Gods,Neutral,Support,10,0,Special Move,Nullifies any damage received until next turn.,"(""Craniamon"")","(""1"")"
56,Bubble Blow,Water,Magic,2,30,Special Move,"Magic attack, 30 Water damage to one foe.","(""Punimon"",""Botamon"")","(""1"",""1"")"
57,Bubbles,Water,Magic,2,30,Special Move,"Magic attack, 30 Water damage to one foe.","(""Koromon"",""Tsunomon"")","(""1"",""1"")"
58,Bunny Blades,Wind,Physical,15,55,Special Move,"2 physical attacks, 55 Wind damage to one foe.","(""Antylamon"")","(""1"")"
59,Burning Fist,Fire,Physical,10,80,Special Move,"Physical attack, 80 Fire damage to one foe. 30% chance of increasing ATK by 10%.","(""Meramon"")","(""1"")"
60,Burst Flame I,Fire,Magic,3,55,Inheritable,"Magic attack, 55 Fire damage to one foe. 95% accuracy.","(""Gabumon"",""ToyAgumon"")","(""6"",""12"")"
61,Burst Flame II,Fire,Magic,6,75,Inheritable,"Magic attack, 75 Fire damage to one foe. 95% accuracy.","(""Kyubimon"",""Birdramon"",""Meramon"")","(""10"",""10"",""25"")"
62,Burst Flame III,Fire,Magic,9,95,Inheritable,"Magic attack, 95 Fire damage to one foe. 95% accuracy.","(""Hououmon"",""Garudamon"",""BlueMeramon"",""MetalTyrannomon"",""MetalMamemon"",""Barbamon"",""Creepymon"",""Gallantmon"")","(""20"",""35"",""35"",""35"",""45"",""50"",""65"",""65"")"
63,Burst Shot,Fire,Physical,20,50,Special Move,"2 physical attacks, 50 Fire damage to all foes.","(""MegaGargomon"")","(""1"")"
64,Catastrophe Cannon,Fire,Physical,20,80,Special Move,"3 physical attacks, 80 Fire damage to a foe. Cannot move from recoil for one turn.","(""Diaboromon"")","(""1"")"
65,Celestial Arrow,Light,Magic,15,100,Special Move,"Magic attack, 100 Light damage to one foe. Always hits.","(""Angewomon"")","(""1"")"
66,Celestial Blade,Electric,Magic,20,90,Special Move,"Magic attack, 90 Electric damage to all foes.","(""Ravemon"")","(""1"")"
67,Celestial Blade,Light,Physical,30,110,Special Move,"Physical attack, 110 Light damage to all foes. Always hits.","(""Susanomon"")","(""1"")"
68,Chain Loss,Neutral,Support,8,0,Inheritable,Reduce COMBO for one enemy by 100%.,"(""Ebemon"",""KingEtemon"",""Kuzuhamon"",""MetalEtemon"",""Omnimon Zwart"",""Megidramon"",""Arcadiamon Mega"")","(""50"",""50"",""65"",""65"",""65"",""65"",""80"")"
69,Chain Max,Neutral,Support,8,0,Inheritable,Increase COMBO for one member by 100%.,"(""Alphamon Ouryuken"",""ShineGreymon"",""Mastemon"",""Omnimon"",""MagnaGarurumon"",""MagnaGarurumon (SV)"",""Susanomon"",""Justimon"",""MegaGargomon"",""Alphamon NX"")","(""50"",""65"",""65"",""65"",""65"",""65"",""65"",""80"",""80"",""90"")"
70,Chain Minus,Neutral,Support,4,0,Inheritable,Reduce COMBO for one enemy by 50%.,"(""Coelamon"",""PrinceMamemon"",""BlackKingNumemon"",""Belphemon SM"",""Belphemon RM"")","(""18"",""20"",""35"",""35"",""35"")"
71,Chain Plus,Neutral,Support,4,0,Inheritable,Increase COMBO for one member by 50%.,"(""FanBeemon"",""Andromon"",""AeroVeedramon"",""WarGrowlmon"",""RizeGreymon"",""Volcanomon"",""Veedramon"",""Growlmon"")","(""12"",""15"",""15"",""15"",""15"",""15"",""18"",""25"")"
72,Chaos Degradation,Neutral,Direct,25,0,Special Move,Reduces HP of all foes by 25%.,"(""Mastemon"")","(""1"")"
73,Character Reversal,Neutral,Magic,10,30,Inheritable,"Magic attack, 30 Neutral damage to one foe. Makes target buggy. 70% accuracy.","(""SkullSatamon"",""PlatinumSukamon"",""Raremon"",""Alphamon NX"",""Vademon"",""Arcadiamon Ultra"",""Ravemon BM"",""Ebemon"",""Chaosmon"",""Chaosmon VA"")","(""15"",""25"",""25"",""25"",""35"",""35"",""50"",""80"",""80"",""80"")"
74,Cheese Bomb,Fire,Physical,5,70,Special Move,"Physical attack, 70 Fire damage to one foe.","(""Chuumon"")","(""1"")"
75,Cherry Bomb,Plant,Physical,15,65,Special Move,"Physical attack, 65 Plant damage to all foes.","(""Cherrymon"")","(""1"")"
76,Chrono Breaker,Neutral,Fixed,10,0,Special Move,Fixed damage of 150 to one foe. 30% chance of reducing target's SPD by 10%.,"(""Clockmon"")","(""1"")"
77,Cog Crusher,Dark,Physical,5,70,Special Move,"Physical attack, 70 Dark damage to one foe. Always hits.","(""Hagurumon"")","(""1"")"
78,Cold Flame,Fire,Physical,15,100,Special Move,"Physical attack, 100 Fire damage to one foe. Increases INT by 10%.","(""BlueMeramon"")","(""1"")"
79,Comet Hammer I,Earth,Physical,3,65,Inheritable,"Physical attack, 65 Earth damage to one foe. 95% accuracy.","(""Tsunomon"",""Goblimon"",""Gotsumon"")","(""5"",""6"",""12"")"
80,Comet Hammer II,Earth,Physical,6,85,Inheritable,"Physical attack, 85 Earth damage to one foe. 95% accuracy.","(""Ogremon"",""Dorugamon"",""Nanimon"",""Leomon"",""Coredramon (Green)"",""MudFrigimon"",""Turuiemon"",""Monochromon"",""Growlmon"",""Icemon"",""Golemon"",""Raptordramon"")","(""10"",""10"",""10"",""10"",""10"",""10"",""10"",""10"",""18"",""18"",""18"",""18"")"
81,Comet Hammer III,Earth,Physical,9,105,Inheritable,"Physical attack, 105 Earth damage to one foe. 95% accuracy.","(""Cyberdramon"",""SkullMeramon"",""Pumpkinmon"",""Mamemon"",""WereGarurumon"",""WereGarurumon (Blk)"",""Titamon"",""Groundramon"",""SkullGreymon"",""Triceramon"",""Pandamon"",""BanchoLeomon"",""Beelzemon"",""Magnamon"",""Dorugoramon"",""KingEtemon"")","(""35"",""35"",""35"",""35"",""35"",""35"",""35"",""35"",""45"",""45"",""45"",""50"",""50"",""50"",""50"",""65"")"
82,Corona Blaster,Fire,Physical,15,30,Special Move,"3-6 physical attacks, 30 Fire damage to one foe.","(""BurningGreymon"")","(""1"")"
83,Corona Destroyer,Dark,Physical,40,0,Special Move,DEF-penetrating strong Dark attack on one foe. Absorbs 20% of the damage as HP.,"(""Beelzemon BM"")","(""1"")"
84,Crazy Giggle,Dark,Physical,5,75,Special Move,"Physical attack, 75 Dark damage to one foe.","(""Keramon"")","(""1"")"
85,Crescent Leaf I,Plant,Physical,3,65,Inheritable,"Physical attack, 65 Plant damage to one foe. 95% accuracy.","(""Yokomon"",""Palmon"",""Mushroomon"")","(""5"",""6"",""12"")"
86,Crescent Leaf II,Plant,Physical,6,85,Inheritable,"Physical attack, 85 Plant damage to one foe. 95% accuracy.","(""Kabuterimon"",""Kuwagamon"",""Stingmon"",""Togemon"",""Dinobeemon"",""Woodmon"")","(""10"",""10"",""10"",""10"",""15"",""18"")"
87,Crescent Leaf III,Plant,Physical,9,105,Inheritable,"Physical attack, 105 Plant damage to one foe. 95% accuracy.","(""Puppetmon"",""TyrantKabuterimon"",""GranKuwagamon"",""Okuwamon"",""Cherrymon"",""TigerVespamon"",""Titamon"",""Minervamon"",""Gallantmon NX"")","(""20"",""20"",""35"",""45"",""45"",""50"",""65"",""65"",""70"")"
88,Crimson Curse,Fire,Physical,10,45,Special Move,"Physical attack, 45 Fire damage to all foes.","(""Golemon"")","(""1"")"
89,Critical Charge,Neutral,Support,6,0,Inheritable,Increases CRIT of one battle member by 10%.,"(""Cyclonemon"",""Dorumon"",""Ryudamon"",""Ogremon"",""Turuiemon"",""Darkdramon"",""Silphymon"",""MetalGreymon (Blue)"",""Coredramon (Green)"",""Zubaeagermon"",""Hisyaryumon"")","(""10"",""12"",""12"",""18"",""18"",""20"",""25"",""25"",""25"",""25"",""65"")"
90,Cross Blade,Light,Physical,15,110,Special Move,"Physical attack, 110 Light damage to one foe. Tends to critical more often.","(""Grademon"")","(""1"")"
91,Cross-Counter,Neutral,Support,6,0,Inheritable,Counterattacks the enemy when you receive a physical attack.,"(""Flamedramon"",""GeoGreymon"",""Matadormon"",""Groundramon"",""Lekismon"",""Arcadiamon Champion"",""Cyclonemon"",""Boltmon"",""Omnimon"",""OmniShoutmon"",""Paildramon"",""DoruGreymon"",""GrapLeomon"",""Dinobeemon"",""Justimon"",""Durandamon"",""PileVolcamon"")","(""18"",""25"",""25"",""25"",""25"",""25"",""25"",""35"",""35"",""35"",""45"",""45"",""45"",""45"",""50"",""50"",""50"")"
92,Crystal Cloud,Water,Magic,10,30,Special Move,"Magic attack, 30 Water damage to all foes.","(""Socerimon"")","(""1"")"
93,Crystal Revolution,Water,Magic,25,90,Special Move,"Magic attack, 90 Water damage to all foes. 20% of damage restored as HP.","(""GranDracmon"")","(""1"")"
94,D-Grenade,Fire,Physical,10,40,Special Move,"Physical attack, 40 Fire damage to all foes. Always hits.","(""Guardromon"",""Guardromon (Gold)"")","(""1"",""1"")"
95,Dark Prominence,Dark,Magic,40,0,Special Move,INT-penetrating extra strong Dark attack on one foe. 50% chance of inflicting Crystallization.,"(""Chaosmon"")","(""1"")"
96,Dark Pupil,Dark,Physical,15,110,Special Move,"Physical attack, 110 Dark damage to one foe. 80% chance of poisoning target.","(""BlackKingNumemon"")","(""1"")"
97,Dark Roar,Dark,Physical,15,130,Special Move,"Physical attack, 130 Dark damage to one foe. 90% accuracy, tends to critical more often.","(""Darkdramon"")","(""1"")"
98,Dark Terra Force,Dark,Physical,20,100,Special Move,"Physical attack, 100 Dark damage to all foes. 30% chance of increasing DEF by 20%.","(""BlackWarGreymon"")","(""1"")"
99,Darkness Wave,Dark,Magic,15,35,Special Move,"2 magic attacks, 35 Dark damage to all foes.","(""LadyDevimon"")","(""1"")"
100,Darkness Zone,Neutral,Fixed,40,0,Special Move,Fixed damage of 444 to all foes.,"(""Apocalymon"")","(""1"")"
101,Data Crusher,Dark,Physical,10,90,Special Move,"Physical attack, 90 Dark damage to one foe. 5% chance of instantly killing target.","(""Kurisarimon"")","(""1"")"
102,Data Drain,Dark,Physical,5,35,Special Move,"Physical attack, 35 Dark damage to one foe, with 30% of damage restored as HP.","(""Arcadiamon In-Tr."")","(""1"")"
103,Dead or Alive,Neutral,Magic,25,130,Special Move,"Magic attack, 130 Neutral damage to one foe. 10% to inflict a status effect, 5% chance of instantly killing target.","(""Lucemon FM"")","(""1"")"
104,Death Charm,Neutral,Direct,10,0,Special Move,Reduce 10% HP from one enemy.,"(""Bakemon"")","(""1"")"
105,Death Claw,Neutral,Fixed,10,0,Special Move,Fixed damage of 200 to one foe. Absorbs 20% of the damage as HP.,"(""Devimon"")","(""1"")"
106,Death Parade Blaster,Light,Physical,15,40,Special Move,"2 physical attacks, 40 Light damage to all foes.","(""Paildramon"")","(""1"")"
107,Demi Darts,Dark,Physical,5,20,Special Move,"Physical attack, 20 Dark damage to all foes, absorbs 5% into HP.","(""DemiDevimon"")","(""1"")"
108,Demonic Disaster,Dark,Physical,25,140,Special Move,"Physical attack, 140 Dark damage to one foe.","(""ChaosGallantmon"")","(""1"")"
109,Desolation Claw,Neutral,Physical,15,115,Special Move,"Physical attack, 115 Neutral damage to one foe. 10% chance of instantly killing target.","(""Cyberdramon"")","(""1"")"
110,Destroyed Hook,Electric,Physical,35,0,Special Move,DEF-penetrating strong Electric attack on one foe. 80% accuracy. Inflicts poison.,"(""Chaosdramon"")","(""1"")"
111,Destroyed Rush,Earth,Physical,20,25,Special Move,"5 physical attacks, 25 Earth damage to one foe. Tends to critical more often.","(""Brakedramon"")","(""1"")"
112,Destruction,Dark,Physical,10,40,Inheritable,"Physical attack, 40 Dark damage to one foe. 10% chance to inflict Death.","(""Dracmon"",""Arcadiamon Ultimate"",""Gaiomon"",""Piedmon"",""Apocalymon"",""Infermon"",""SkullGreymon"",""Phantomon"",""Digitamamon"",""VenomMyotismon"",""Diaboromon"",""Chaosmon"",""ChaosGallantmon"")","(""12"",""15"",""20"",""20"",""20"",""25"",""25"",""25"",""35"",""35"",""35"",""35"",""50"")"
113,Destruction Cannon I,Dark,Physical,3,65,Inheritable,"Physical attack, 65 Dark damage to one foe. 95% accuracy.","(""Tsumemon"",""Gazimon"",""Keramon"",""Dracmon"",""Sistermon Ciel"",""Arcadiamon Rookie"")","(""5"",""6"",""6"",""6"",""6"",""12"")"
114,Destruction Cannon II,Dark,Physical,6,85,Inheritable,"Physical attack, 85 Dark damage to one foe. 95% accuracy.","(""Kurisarimon"",""Devimon"",""Arcadiamon Champion"",""Sangloupmon"",""Infermon"",""Kuwagamon"",""Ogremon"",""MagnaGarurumon"",""MagnaGarurumon (SV)"",""Megidramon"")","(""10"",""10"",""10"",""10"",""15"",""18"",""25"",""35"",""35"",""50"")"
115,Destruction Cannon III,Dark,Physical,9,105,Inheritable,"Physical attack, 105 Dark damage to one foe. 95% accuracy.","(""Arcadiamon Mega"",""VenomMyotismon"",""ChaosGallantmon"",""Diaboromon"",""Beelzemon"",""Belphemon SM"",""Crusadermon"",""Omnimon Zwart"",""Belphemon RM"",""SkullSatamon"",""SkullGreymon"",""Sistermon C (Awake.)"",""Cyberdramon"",""Matadormon"",""Myotismon"",""Infermon"",""Chaosmon"",""Alphamon Ouryuken"")","(""20"",""20"",""20"",""20"",""20"",""20"",""20"",""20"",""20"",""35"",""35"",""40"",""45"",""45"",""45"",""45"",""50"",""80"")"
116,Destruction Crush,Earth,Magic,20,80,Special Move,"Magic attack, 85 Earth damage to all foes.","(""GroundLocomon"")","(""1"")"
117,Diamond Shell,Earth,Physical,5,60,Special Move,"Physical attack, 60 Earth damage to one foe. 10% chance of increasing DEF by 10%.","(""Armadillomon"")","(""1"")"
118,Diamond Storm,Plant,Magic,5,25,Special Move,"Magic attack, 25 Plant damage to all foes.","(""Renamon"")","(""1"")"
119,Digital Bomb,Fire,Magic,15,80,Special Move,"Magic attack, 80 Fire damage to one foe. 5% chance of reducing base stats by 10%.","(""Datamon"")","(""1"")"
120,Dimension Scissor,Plant,Physical,35,0,Special Move,DEF-penetrating strong Plant attack on one foe. Tends to critical more often.,"(""GranKuwagamon"")","(""1"")"
121,Disaster Blaster,Light,Magic,15,65,Special Move,"Magic attack, 65 Light damage to all foes.","(""Shakkoumon"")","(""1"")"
122,Dispel,Neutral,Support,25,0,Inheritable,Removes basic stat reductions from all battle members.,"(""Dianamon"",""Shakkoumon"",""MarineAngemon"",""Rapidmon (Armor)"",""Susanomon"",""Gallantmon CM"")","(""20"",""25"",""50"",""50"",""50"",""50"")"
123,Divine Atonement,Light,Magic,50,200,Special Move,"Magic attack, 200 Light damage to all foes. Decreases INT by 50%. 90% accuracy.","(""Lucemon SM"")","(""1"")"
124,Divine Dragon Slash,Neutral,Physical,35,0,Special Move,DEF-penetrating strong Neutral attack on one foe. Increases SPD by 10%.,"(""Slayerdramon"")","(""1"")"
125,Divine Pierce,Light,Magic,5,65,Special Move,"Magic attack, 65 Light damage to one foe.","(""Sistermon Blanc"")","(""1"")"
126,Divine Pierce (Awake),Light,Magic,20,90,Special Move,"Magic attack, 90 Light damage to one foe.","(""Sistermon B (Awake.)"")","(""1"")"
127,Dot Matrix,Neutral,Physical,35,0,Special Move,DEF-penetrating strong Neutral attack on one foe. Absorbs 30% of the damage as HP.,"(""Arcadiamon Ultimate"",""Arcadiamon Mega"")","(""1"",""1"")"
128,Double Backhand,Neutral,Physical,5,20,Special Move,"2 physical attacks, 20 Neutral damage to all foes.","(""Gaomon"")","(""1"")"
129,Double Impact,Dark,Physical,25,20,Special Move,"8 physical attacks, 20 Dark damage to one foe. 90% accuracy.","(""Beelzemon"")","(""1"")"
130,Double Scissor Claw,Neutral,Physical,30,0,Special Move,DEF-penetrating strong Neutral attack on one foe.,"(""Okuwamon"")","(""1"")"
131,Dragon Impulse,Wind,Physical,15,250,Special Move,"Physical attack, 250 Wind damage to one foe. Receive damage equal to 50% of HP from recoil.","(""AeroVeedramon"")","(""1"")"
132,Dragon's Roar,Fire,Physical,25,60,Special Move,"2 physical attacks, 60 Fire damage to a foe and absorbs 50% of the damage as HP.","(""Dynasmon"")","(""1"")"
133,Dragonic Impact,Fire,Physical,50,100,Special Move,"Physical attack, 100 Fire damage to all foes. Also knocks back targets.","(""Examon"")","(""1"")"
134,Dumdum Uppercut,Neutral,Physical,10,90,Special Move,"Physical attack, 90 Neutral damage to one foe. 10% chance of stunning target.","(""Gargomon"")","(""1"")"
135,Earth-Shattering Stomp,Dark,Physical,15,30,Special Move,"3-5 physical attacks, 30 Dark damage to one foe, with 20% of damage restored as HP.","(""Matadormon"")","(""1"")"
136,Eden's Javelin,Light,Magic,20,120,Special Move,"Magic attack, 120 Light damage to one foe. 30% chance of increasing INT by 20%.","(""Ophanimon"")","(""1"")"
137,Eiseiryuoujin,Electric,Physical,35,0,Special Move,DEF-penetrating strong Electric attack on one foe. Tends to critical hit more often.,"(""Ouryumon"")","(""1"")"
138,Elastic Bubbles,Water,Magic,2,30,Special Move,"Magic attack, 30 Water damage to one foe.","(""Motimon"")","(""1"")"
139,Electric Shock,Electric,Magic,5,55,Special Move,"Magic attack, 55 Electric damage to one foe. 10% chance of paralyzing target.","(""Betamon"")","(""1"")"
140,Electric Stun Blast,Electric,Physical,5,65,Special Move,"Physical attack, 65 Electric damage to one foe. 15% chance of paralyzing target.","(""Gazimon"")","(""1"")"
141,Electro Shocker,Electric,Magic,10,80,Special Move,"Magic attack, 80 Electric damage to one foe.","(""Kabuterimon"")","(""1"")"
142,Energy Bomb,Electric,Magic,15,100,Special Move,"Magic attack, 100 Electric damage to one foe. Always hits.","(""MetalMamemon"")","(""1"")"
143,Escape Dash,Neutral,Support,0,0,Inheritable,Flee from a battle.,"(""Chuumon"",""MetalMamemon"",""PlatinumNumemon"",""MetalEtemon"",""Garurumon"",""Peckmon"",""Etemon"",""Mamemon"",""PrinceMamemon"")","(""12"",""15"",""20"",""20"",""25"",""25"",""25"",""25"",""35"")"
144,Eternal Nightmare,Dark,Magic,50,0,Special Move,INT-penetrating medium Dark attack on all foes. 50% chance of putting target to sleep.,"(""Belphemon SM"")","(""1"")"
145,Exhaust Flame,Fire,Physical,10,85,Special Move,"Physical attack, 85 Fire damage to one foe. 10% chance of increasing ATK by 10%.","(""Growlmon"")","(""1"")"
146,Extinction Wave,Light,Magic,25,80,Special Move,"Magic attack, 80 Light damage to all foes. Always hits.","(""Leopardmon"")","(""1"")"
147,Extinction Wave,Light,Magic,25,80,Special Move,"Magic attack, 80 Light damage to all foes. Always hits.","(""Leopardmon NX"")","(""1"")"
148,Eye of Nightmares,Dark,Magic,5,50,Special Move,"Magic attack, 50 Dark damage to one foe, 10% of damage restored as HP. Confuses target.","(""Dracmon"")","(""1"")"
149,Eye of the Gorgon,Neutral,Support,20,0,Special Move,Decreases one foe's DEF by 30% and inflicts Confusion.,"(""GranDracmon"")","(""1"")"
150,Fang Strike,Fire,Physical,10,90,Special Move,"Physical attack, 90 Fire damage to one foe. 10% chance to stun.","(""Strikedramon"")","(""1"")"
151,Feather Slash,Wind,Physical,10,0,Special Move,DEF-penetrating medium Wind attack on one foe.,"(""Hawkmon"")","(""1"")"
152,Fenrir Sword,Water,Physical,15,130,Special Move,"Physical attack, 130 Water damage to one foe. 15% chance of instantly killing target.","(""Valkyrimon"")","(""1"")"
153,Fiery Fastball,Fire,Physical,5,70,Special Move,"Physical attack, 70 Fire damage to one foe.","(""Shoutmon"")","(""1"")"
154,Fif Cross,Earth,Physical,10,55,Special Move,"2 physical attacks, 55 Earth damage to one foe. 90% accuracy.","(""BaoHuckmon"")","(""1"")"
155,Fifth Rush,Earth,Physical,5,20,Special Move,"5 physical attacks, 20 Earth damage to one foe. 80% accuracy.","(""Hackmon"")","(""1"")"
156,Final Aura,Neutral,Support,40,0,Inheritable,Restores a lot of HP for all party members.,"(""Alphamon Ouryuken"",""Ophanimon"",""Mastemon"",""Rosemon"",""Varodurumon"",""MarineAngemon"",""MirageGaogamon BM"",""Sistermon C (Awake.)"")","(""35"",""50"",""50"",""50"",""50"",""65"",""65"",""90"")"
157,Final Heal,Neutral,Support,16,0,Inheritable,Restores a lot of HP for one party member.,"(""Rosemon BM"",""Valkyrimon"",""Sakuyamon"",""Seraphimon"",""Hououmon"",""Leopardmon NX"",""Kentaurosmon"",""PrinceMamemon"",""Gallantmon CM"")","(""20"",""35"",""50"",""50"",""65"",""70"",""80"",""80"",""80"")"
158,Final Shining Burst,Fire,Physical,50,200,Special Move,"Physical attack, 200 Fire damage to all foes. Decreases ATK by 50%. 90% accuracy.","(""ShineGreymon BM"")","(""1"")"
159,Fire Breath,Fire,Physical,10,90,Special Move,"Physical attack, 90 Fire damage to one foe. Tends to critical more often.","(""Tyrannomon"")","(""1"")"
160,Fire Tornado,Light,Magic,20,95,Special Move,"Magic attack, 95 Light damage to all foes.","(""Magnadramon"")","(""1"")"
161,Firedrake Strike,Fire,Physical,25,140,Special Move,"Physical attack, 140 Fire damage to one foe.","(""KaiserGreymon"")","(""1"")"
162,Fist of Athena,Fire,Physical,40,0,Special Move,DEF-penetrating extra strong Fire attack on one foe. 30% chance of stunning target.,"(""Crusadermon"")","(""1"")"
163,Fist of Athena,Fire,Physical,40,0,Special Move,DEF-penetrating extra strong Fire attack on one foe.,"(""Crusadermon NX"")","(""1"")"
164,Fist of Ice,Water,Physical,15,110,Special Move,"Physical attack, 110 Water damage to one foe. 15% chance of stunning target.","(""Panjyamon"")","(""1"")"
165,Fist of the Beast King,Earth,Physical,10,95,Special Move,"Physical attack, 95 Earth damage to one foe.","(""Leomon"")","(""1"")"
166,Flame Cannon,Fire,Physical,20,100,Special Move,"Physical attack, 100 Fire damage to all foes.","(""OmniShoutmon"")","(""1"")"
167,Flame Inferno,Fire,Magic,25,90,Special Move,"Magic attack, 90 Fire damage to all foes.","(""Creepymon"")","(""1"")"
168,Flaming Fist,Fire,Physical,10,70,Special Move,"Physical attack, 70 Fire damage to all foes.","(""Flamedramon"")","(""1"")"
169,Flashy Boss Punch,Light,Physical,20,130,Special Move,"Physical attack, 130 Light damage to one foe. 75% chance of stunning target.","(""BanchoLeomon"")","(""1"")"
170,Flower Cannon,Plant,Magic,15,105,Special Move,"Magic attack, 105 Plant damage to one foe. 50% chance of paralyzing target.","(""Lillymon"")","(""1"")"
171,Flying Kick,Plant,Physical,10,95,Special Move,"Physical attack, 95 Plant damage to one foe.","(""Hudiemon"")","(""1"")"
172,Forbidden Trident,Water,Physical,15,115,Special Move,"Physical attack, 115 Water damage to one foe.","(""Dragomon"")","(""1"")"
173,Fossil Bite,Water,Physical,10,30,Special Move,"3 physical attacks, 30 Water damage to one foe.","(""Coelamon"")","(""1"")"
174,Fox Fire,Fire,Physical,10,85,Special Move,"Physical attack, 85 Fire damage to one foe. 10% chance of increasing SPD by 10%.","(""Garurumon"")","(""1"")"
175,Fox Tail,Light,Physical,2,35,Special Move,"Physical attack, 35 Light damage to one foe.","(""Nyaromon"")","(""1"")"
176,Freeze Fang,Water,Physical,10,85,Special Move,"Physical attack, 85 Water damage to one foe. 10% chance of increasing SPD by 10%.","(""Garurumon (Blk)"")","(""1"")"
177,Freezing Breath,Water,Magic,20,120,Special Move,"Magic attack, 120 Water damage to one foe. 25% chance of paralyzing target.","(""MetalGarurumon"")","(""1"")"
178,Frozen Claw,Water,Physical,20,0,Special Move,DEF-penetrating medium Water attack on one foe.,"(""IceDevimon"")","(""1"")"
179,Full Moon Blaster,Light,Physical,20,135,Special Move,"Physical attack, 135 Light damage to one foe. Always hits.","(""MirageGaogamon"")","(""1"")"
180,Full Moon Kick,Earth,Physical,15,110,Special Move,"Physical attack, 110 Earth damage to one foe. Increasing SPD by 10%.","(""WereGarurumon (Blk)"")","(""1"")"
181,Full Moon Meteor Impact,Light,Physical,20,120,Special Move,"Physical attack, 120 Light damage to one foe. 30% chance of stunning and tends to critical.","(""MirageGaogamon BM"")","(""1"")"
182,Fungus Crusher,Plant,Physical,10,60,Special Move,"Physical attack, 60 Plant damage to one foe. 10% chance to inflict each abnormal status.","(""Mushroomon"")","(""1"")"
183,Fury Fire,Light,Physical,10,40,Special Move,"Two physical attacks, 40 Light damage to one foe. Tends to critical hit more often.","(""Sistermon Ciel"")","(""1"")"
184,Fury Fire (Awake),Light,Physical,20,60,Special Move,"2 physical attacks, 60 Light damage to one foe. Tends to critical hit more often.","(""Sistermon C (Awake.)"")","(""1"")"
185,Gaia Element I,Plant,Magic,3,55,Inheritable,"Magic attack, 55 Plant damage to one foe. 95% accuracy.","(""Tanemon"",""Renamon"")","(""5"",""6"")"
186,Gaia Element II,Plant,Magic,6,75,Inheritable,"Magic attack, 75 Plant damage to one foe. 95% accuracy.","(""Woodmon"",""Sunflowmon"",""Vegiemon"",""Hudiemon"")","(""10"",""10"",""10"",""10"")"
187,Gaia Element III,Plant,Magic,9,95,Inheritable,"Magic attack, 95 Plant damage to one foe. 95% accuracy.","(""HerculesKabuterimon"",""MegaKabuterimon"",""Lillymon"",""Rosemon"",""Lotosmon"",""Lilamon"",""Vikemon"",""Craniamon"",""MegaGargomon"",""Crusadermon"")","(""20"",""35"",""35"",""35"",""35"",""45"",""65"",""65"",""65"",""65"")"
188,Galactic Flare,Neutral,Magic,15,55,Special Move,"Magic attack, 55 Neutral damage to all foes.","(""Meteormon"")","(""1"")"
189,Gale Storm I,Wind,Physical,4,30,Inheritable,"Physical attack, 30 Wind damage to all foes. 95% accuracy.","(""Silphymon"",""Zudomon"",""Crowmon"",""GaoGamon"",""Stingmon"",""Airdramon"",""Aquilamon"",""Kuwagamon"",""Garudamon"",""Coredramon (Blue)"",""KendoGarurumon"")","(""15"",""15"",""15"",""18"",""18"",""18"",""25"",""25"",""25"",""25"",""25"")"
190,Gale Storm II,Wind,Physical,7,45,Inheritable,"Physical attack, 45 Wind damage to all foes. 95% accuracy.","(""MirageGaogamon"",""Megadramon"",""Examon"",""Dynasmon"",""MachGaogamon"",""Wingdramon"",""GranKuwagamon"",""SaberLeomon"",""Ravemon"",""UlforceVeedramon"")","(""20"",""35"",""35"",""35"",""45"",""45"",""50"",""50"",""50"",""65"")"
191,Gale Storm III,Wind,Physical,10,75,Inheritable,"Physical attack, 75 Wind damage to all foes. 95% accuracy.","(""Valkyrimon"",""Gryphonmon"",""UlforceVeedramon"",""Examon"",""SaberLeomon"",""Dynasmon"",""MirageGaogamon"",""Ravemon"",""Slayerdramon"",""Merukimon"")","(""65"",""65"",""80"",""80"",""80"",""80"",""80"",""80"",""80"",""80"")"
192,Garuru Tomahawk,Neutral,Physical,20,140,Special Move,"Physical attack, 140 Neutral damage to one foe. Always hits.","(""MetalGarurumon (Blk)"")","(""1"")"
193,Gear Stringer,Electric,Physical,5,25,Special Move,"3 physical attacks, 25 Electric damage to one foe.","(""FanBeemon"")","(""1"")"
194,Genocidal Gears,Fire,Physical,15,60,Special Move,"Physical attack, 60 Fire damage to all foes.","(""Gigadramon"")","(""1"")"
195,Genocide Attack,Fire,Physical,15,110,Special Move,"Physical attack, 110 Fire damage to one foe. Tends to critical more often.","(""Megadramon"")","(""1"")"
196,GeoGrey Sword,Fire,Physical,20,130,Special Move,"Physical attack, 130 Fire damage to one foe. Increases ATK by 10%.","(""ShineGreymon"")","(""1"")"
197,Gift of Darkness,Dark,Physical,40,0,Special Move,DEF-penetrating extra strong Dark attack on one foe.,"(""Belphemon RM"")","(""1"")"
198,Giga Blaster,Electric,Magic,20,130,Special Move,"Magic attack, 130 Electric damage to one foe.","(""HerculesKabuterimon"")","(""1"")"
199,Giga Destroyer,Fire,Physical,15,115,Special Move,"Physical attack, 115 Fire damage to one foe.","(""MetalGreymon"")","(""1"")"
200,Glare Eye,Dark,Magic,2,30,Special Move,"Magic attack, 30 Dark damage to one foe.","(""Kuramon"")","(""1"")"
201,Glide Horn,Wind,Physical,10,85,Special Move,"Physical attack, 85 Wind damage to one foe. 15% chance of stunning target.","(""Aquilamon"")","(""1"")"
202,Goblin Strike,Fire,Physical,5,65,Special Move,"Physical attack, 65 Fire damage to one foe. 10% chance of stunning target.","(""Goblimon"")","(""1"")"
203,God Flame,Light,Physical,20,100,Special Move,"Physical attack, 100 Light damage to all foes.","(""Goldramon"")","(""1"")"
204,God Matrix,Neutral,Physical,50,0,Special Move,DEF-penetrating strong Neutral attack on all foes. Absorbs 10% damage as HP.,"(""Arcadiamon Ultra"")","(""1"")"
205,Golden Rush,Light,Physical,10,10,Special Move,"2 physical attacks, 10 Light damage to all foes. 1% chance of instantly killing target.","(""GoldNumemon"")","(""1"")"
206,Golden Triangle,Light,Magic,20,110,Special Move,"Magic attack, 110 Light damage to one foe. 20% chance of increasing base stats by 10%.","(""Rapidmon"",""Rapidmon (Armor)"")","(""1"",""1"")"
207,Good Night Moon,Light,Magic,20,120,Special Move,"Magic attack, 120 Light damage to one foe. 50% chance of putting target to sleep.","(""Dianamon"")","(""1"")"
208,Grand Cross,Light,Physical,30,0,Special Move,INT-penetrating medium Light attack on all foes.,"(""Lucemon"")","(""1"")"
209,Grand Rock I,Earth,Magic,3,55,Inheritable,"Magic attack, 55 Earth damage to one foe. 95% accuracy.","(""Armadillomon"",""Gabumon (Blk)"",""Lopmon"")","(""6"",""6"",""6"")"
210,Grand Rock II,Earth,Magic,6,75,Inheritable,"Magic attack, 75 Earth damage to one foe. 95% accuracy.","(""Ankylomon"",""Garurumon"",""Garurumon (Blk)"",""BlackGatomon"")","(""10"",""18"",""18"",""18"")"
211,Grand Rock III,Earth,Magic,9,95,Inheritable,"Magic attack, 95 Earth damage to one foe. 95% accuracy.","(""Craniamon"",""Meteormon"",""Puppetmon"",""Leviamon"",""Shakkoumon"",""Belphemon SM"",""Belphemon RM"",""Gallantmon NX"")","(""20"",""35"",""35"",""35"",""45"",""50"",""50"",""55"")"
212,Great Tornado,Neutral,Physical,35,0,Special Move,DEF-penetrating strong Neutral attack on one foe.,"(""WarGreymon"")","(""1"")"
213,Great Weight,Earth,Physical,10,85,Special Move,"Physical attack, 85 Earth damage to one foe. 10% chance of reducing target's DEF by 10%.","(""MudFrigimon"")","(""1"")"
214,Green Flare Breath,Fire,Physical,20,0,Special Move,DEF-penetrating medium Fire attack on one foe. Tends to critical more often.,"(""Coredramon (Green)"")","(""1"")"
215,Guard Break,Neutral,Support,6,0,Inheritable,Reduces DEF of one enemy by 10%.,"(""Keramon"",""ShellNumemon"",""Strikedramon"",""Kurisarimon"",""Zudomon"",""WarGrowlmon"")","(""12"",""18"",""18"",""25"",""25"",""25"")"
216,Guard Break Field,Neutral,Support,20,0,Inheritable,Reduces DEF of all enemies by 10%.,"(""Brakedramon"",""Alphamon NX"",""Gaiomon"",""Titamon"",""PlatinumNumemon"",""Minervamon"",""Leviamon"",""Darkdramon"",""VenomMyotismon"",""SaberLeomon"",""Diaboromon"",""Arcadiamon Ultra"")","(""35"",""40"",""50"",""50"",""50"",""50"",""50"",""50"",""65"",""65"",""65"",""65"")"
217,Guard Charge,Neutral,Support,6,0,Inheritable,Increases DEF of one member by 10%.,"(""Gotsumon"",""Agumon (Blk)"",""Guardromon"",""Geremon"",""Dorugamon"",""ShellNumemon"",""MetalTyrannomon"")","(""6"",""12"",""18"",""18"",""18"",""25"",""25"")"
218,Guard Charge Field,Neutral,Support,20,0,Inheritable,Increases DEF of all battle members by 10%.,"(""Jesmon"",""GroundLocomon"",""Craniamon"",""Gallantmon"",""BlackWarGreymon"",""RustTyranomon"",""HiAndromon"",""Magnamon"")","(""20"",""50"",""50"",""50"",""50"",""50"",""65"",""65"")"
219,Hard Rock Spirit,Fire,Physical,20,65,Special Move,"2 physical attacks, 65 Fire damage to one foe.","(""OmniShoutmon"")","(""1"")"
220,Harpoon Torpedo,Fire,Physical,10,90,Special Move,"Physical attack, 90 Fire damage to one foe. Always hits.","(""Ikkakumon"")","(""1"")"
221,Heal,Neutral,Support,4,0,Inheritable,Restores a little HP for one party member.,"(""Terriermon"",""Hackmon"",""Lunamon"",""Sistermon Blanc"",""Salamon"",""Clockmon"",""Ikkakumon"",""Pandamon"")","(""6"",""6"",""6"",""6"",""12"",""18"",""25"",""25"")"
222,Hearts Attack,Neutral,Support,20,0,Special Move,"Heals one ally's HP and increases ATK, DEF and INT by 10%.","(""Monzaemon"")","(""1"")"
223,Heat Wave,Fire,Magic,15,75,Special Move,"Magic attack, 75 Fire damage to all foes.","(""HippoGryphonmon"")","(""1"")"
224,Heaven's Gate,Light,Magic,15,100,Special Move,"Magic attack, 100 Light damage to one foe. 10% chance of instantly killing target.","(""MagnaAngemon"")","(""1"")"
225,Heaven's Judgment,Light,Magic,20,90,Special Move,"Magic attack, 90 Light damage to all foes. Tends to critical more often.","(""Kerpymon (Good)"")","(""1"")"
226,Heaven's Knuckle,Light,Physical,10,80,Special Move,"Physical attack, 80 Light damage to one foe. 10% chance of increasing ATK & INT by 10%.","(""Angemon"")","(""1"")"
227,Heaven's Thunder,Electric,Magic,25,20,Special Move,"8 magic attacks, 20 Electric damage to one foe. 30% chance of paralyzing target.","(""Susanomon"")","(""1"")"
228,Heaven's Thunder I,Electric,Magic,3,55,Inheritable,"Magic attack, 55 Thunder damage to one foe. 95% accuracy.","(""Elecmon"",""Hagurumon"")","(""6"",""12"")"
229,Heaven's Thunder II,Electric,Magic,6,75,Inheritable,"Magic attack, 75 Thunder damage to one foe. 95% accuracy.","(""Clockmon"",""Guardromon (Gold)"",""Guardromon"",""Kabuterimon"")","(""10"",""10"",""25"",""25"")"
230,Heaven's Thunder III,Electric,Magic,9,95,Inheritable,"Magic attack, 95 Thunder damage to one foe. 95% accuracy.","(""GroundLocomon"",""MegaGargomon"",""Datamon"",""Ebemon"",""Gigadramon"",""MegaSeadramon"",""HiAndromon"",""MetalGarurumon (Blk)"",""MetalSeadramon"")","(""20"",""20"",""35"",""35"",""45"",""45"",""50"",""50"",""65"")"
231,Heavy Metal Fire,Fire,Physical,15,110,Special Move,"Physical attack, 110 Fire damage to one foe. 30% chance of increasing DEF by 10%.","(""SkullMeramon"")","(""1"")"
232,Heavy Strike I,Neutral,Physical,3,70,Inheritable,"Physical attack, 70 Neutral damage to one foe. Always Hits.","(""Tokomon"",""Agumon"",""Veemon"",""Zubamon"",""Chuumon"",""Monodramon"",""Shoutmon"",""Ryudamon"",""Dracomon"")","(""5"",""6"",""6"",""6"",""6"",""6"",""6"",""6"",""12"")"
233,Heavy Strike II,Neutral,Physical,6,90,Inheritable,"Physical attack, 90 Neutral damage to one foe. Always Hits.","(""ExVeemon"",""Starmon"",""Raptordramon"",""Ginryumon"",""Greymon"",""GeoGreymon"",""Arcadiamon Champion"",""Zubaeagermon"",""BaoHuckmon"",""Tyrannomon"",""Lobomon"",""Coelamon"")","(""10"",""10"",""10"",""10"",""18"",""18"",""18"",""18"",""18"",""25"",""25"",""25"")"
234,Heavy Strike III,Neutral,Physical,9,110,Inheritable,"Physical attack, 110 Neutral damage to one foe. Always Hits.","(""Imperialdramon DM"",""Imperialdramon FM"",""Minervamon"",""Slayerdramon"",""Durandamon"",""Arcadiamon Ultra"",""Alphamon Ouryuken"",""Knightmon"",""Paildramon"",""Duramon"",""Pandamon"",""Digitamamon"",""Monzaemon"",""Grademon"",""ShineGreymon BM"",""WarGreymon"")","(""20"",""20"",""20"",""20"",""20"",""20"",""20"",""35"",""35"",""35"",""35"",""45"",""45"",""45"",""50"",""65"")"
235,Hell Crusher I,Dark,Magic,4,20,Inheritable,"Magic attack, 20 Dark damage to all foes. 95% accuracy.","(""Sistermon Ciel"",""Myotismon"",""Etemon"",""Taomon"",""LadyDevimon"",""Wisemon"",""Phantomon"",""Matadormon"",""Wizardmon"",""IceDevimon"",""Devimon"",""Vademon"",""SkullSatamon"")","(""12"",""15"",""15"",""15"",""15"",""15"",""15"",""15"",""18"",""25"",""25"",""25"",""25"")"
236,Hell Crusher II,Dark,Magic,7,35,Inheritable,"Magic attack, 35 Dark damage to all foes. 95% accuracy.","(""Lilithmon"",""Lucemon FM"",""Wisemon"",""Kuzuhamon"",""Barbamon"",""Piedmon"",""Crusadermon"",""Taomon"",""LadyDevimon"",""Dragomon"",""Phantomon"",""Kerpymon (Blk)"")","(""20"",""35"",""35"",""35"",""35"",""35"",""35"",""45"",""45"",""45"",""45"",""50"")"
237,Hell Crusher III,Dark,Magic,10,65,Inheritable,"Magic attack, 65 Dark damage to all foes. 95% accuracy.","(""Armageddemon"",""Leopardmon NX"",""Mastemon"",""Kerpymon (Blk)"",""Lucemon SM"",""Lucemon FM"",""Lilithmon"",""Arcadiamon Ultra"",""GranDracmon"",""Belphemon RM"",""Omnimon Zwart"",""Crusadermon"",""Belphemon SM"",""Beelzemon"",""Piedmon"",""Barbamon"",""Creepymon"",""Kuzuhamon"",""VenomMyotismon"")","(""20"",""25"",""35"",""65"",""65"",""65"",""80"",""80"",""80"",""80"",""80"",""80"",""80"",""80"",""80"",""80"",""80"",""80"",""80"")"
238,Hell Masquerade,Plant,Physical,15,35,Special Move,"3 physical attacks, 35 Plant damage to one foe. Tends to critical often.","(""Dinobeemon"")","(""1"")"
239,Hit Charge,Neutral,Support,6,0,Inheritable,Increases ACC of one battle member by 10%.,"(""Tankmon"",""Waspmon"",""Greymon (Blue)"",""MetalMamemon"",""RizeGreymon"",""Triceramon"",""Okuwamon"")","(""18"",""18"",""25"",""25"",""25"",""25"",""35"")"
240,Holy Light I,Light,Magic,3,55,Inheritable,"Magic attack, 55 Light damage to one foe. 95% accuracy.","(""Solarmon"",""Salamon"",""Kudamon"",""Sistermon Blanc"")","(""6"",""6"",""12"",""12"")"
241,Holy Light II,Light,Magic,6,75,Inheritable,"Magic attack, 75 Light damage to one foe. 95% accuracy.","(""Angemon"",""Gatomon"",""Sunflowmon"",""ExVeemon"",""Unimon"")","(""10"",""10"",""18"",""25"",""25"")"
242,Holy Light III,Light,Magic,9,95,Inheritable,"Magic attack, 95 Light damage to one foe. 95% accuracy.","(""Varodurumon"",""Valkyrimon"",""Imperialdramon PM"",""Seraphimon"",""Kerpymon (Good)"",""Sistermon B (Awake.)"",""Lucemon"",""MagnaAngemon"",""Magnadramon"",""Piximon"",""Shakkoumon"",""Chirinmon"",""Angewomon"",""MirageGaogamon BM"",""Chaosmon VA"",""Ophanimon"",""Sakuyamon"",""Omnimon"")","(""20"",""20"",""20"",""20"",""20"",""25"",""25"",""35"",""35"",""35"",""35"",""45"",""45"",""50"",""50"",""65"",""65"",""80"")"
243,Holy Shot,Light,Magic,10,75,Special Move,"Magic attack, 75 Light damage to one for. 10% chance of increasing INT by 10%.","(""Unimon"")","(""1"")"
244,Horn Buster,Electric,Magic,30,0,Special Move,INT-penetrating strong Electric attack on one foe.,"(""MegaKabuterimon"")","(""1"")"
245,Howling Crusher,Earth,Physical,20,65,Special Move,"2 physical attacks, 65 Earth damage to one foe.","(""SaberLeomon"")","(""1"")"
246,Hydro Water I,Water,Magic,3,55,Inheritable,"Magic attack, 55 Water damage to one foe. 95% accuracy.","(""Bukamon"",""Otamamon"")","(""5"",""6"")"
247,Hydro Water II,Water,Magic,6,75,Inheritable,"Magic attack, 75 Water damage to one foe. 95% accuracy.","(""Gekomon"",""Seadramon"",""Socerimon"",""Crescemon"",""Dragomon"")","(""10"",""10"",""10"",""25"",""35"")"
248,Hydro Water III,Water,Magic,9,95,Inheritable,"Magic attack, 95 Water damage to one foe. 95% accuracy.","(""MarineAngemon"",""MetalSeadramon"",""Panjyamon"",""Whamon"",""MegaSeadramon"",""Plesiomon"",""Alphamon"",""ChaosGallantmon"",""Neptunemon"")","(""20"",""20"",""35"",""35"",""35"",""50"",""65"",""65"",""80"")"
249,Hyper Cannon,Fire,Physical,10,200,Special Move,"Physical attack, 200 Fire damage to one foe. Cannot move from recoil for one turn.","(""Tankmon"")","(""1"")"
250,Hyper Heat,Fire,Physical,10,85,Special Move,"Physical attack, 85 Fire damage to one foe. 10% chance of reducing target's DEF by 10%.","(""Cyclonemon"")","(""1"")"
251,Hyper Infinity Cannon,Electric,Physical,25,115,Special Move,"Physical attack, 115 Electric damage to all foes.","(""Chaosdramon"")","(""1"")"
252,Hyper Smell,Earth,Physical,10,70,Special Move,"Physical attack, 70 Earth damage to one foe. 15% chance of confusing or paralyzing.","(""Geremon"")","(""1"")"
253,Ice Archery I,Water,Physical,3,65,Inheritable,"Physical attack, 65 Water damage to one foe. 95% accuracy.","(""Syakomon"",""Betamon"")","(""6"",""6"")"
254,Ice Archery II,Water,Physical,6,85,Inheritable,"Physical attack, 85 Water damage to one foe. 95% accuracy.","(""IceDevimon"",""Ikkakumon"",""Frigimon"",""Icemon"",""Coelamon"",""Lekismon"",""GaoGamon"",""Numemon"")","(""10"",""10"",""10"",""10"",""10"",""10"",""25"",""25"")"
255,Ice Archery III,Water,Physical,9,105,Inheritable,"Physical attack, 105 Water damage to one foe. 95% accuracy.","(""Vikemon"",""MetalGarurumon"",""Leviamon"",""Neptunemon"",""Zudomon"",""MetalGarurumon (Blk)"",""ShogunGekomon"",""Panjyamon"",""Whamon"",""Crescemon"",""GranDracmon"")","(""20"",""20"",""20"",""20"",""35"",""35"",""45"",""45"",""45"",""45"",""50"")"
256,Ice Blast,Water,Magic,10,75,Special Move,"Magic attack, 75 Water damage to one foe. 10% chance of reducing target's SPD by 10%.","(""Seadramon"")","(""1"")"
257,Ice Wolf Claw,Water,Physical,20,45,Special Move,"2 physical attacks, 45 Water damage to all foes.","(""MetalGarurumon"",""MetalGarurumon (Blk)"")","(""1"",""1"")"
258,Iceball Bomb,Water,Physical,10,80,Special Move,"Physical attack, 80 Water damage to one foe. Tends to critical more often.","(""Icemon"")","(""1"")"
259,Idle Bubble,Water,Magic,10,30,Inheritable,"Magic attack, 30 Water damage to one foe. Puts target to sleep. 70% accuracy.","(""Gomamon"",""ShellNumemon"",""Impmon"",""Lunamon"",""MegaSeadramon"",""Clockmon"",""ShogunGekomon"",""Neptunemon"")","(""6"",""10"",""12"",""12"",""15"",""25"",""25"",""35"")"
260,Infinity Cannon,Electric,Physical,20,115,Special Move,"Physical attack, 115 Electric damage to all foes. 80% accuracy.","(""Machinedramon"")","(""1"")"
261,Infinity Dream,Neutral,Support,30,0,Special Move,"Has a 50% chance to inflict Poison, Confusion and Paralysis on all foes.","(""Hudiemon"")","(""1"")"
262,Judecca Prison,Dark,Magic,25,115,Special Move,"Magic attack, 115 Dark damage to one foe. Always hits and undoes any stat reductions.","(""ChaosGallantmon"")","(""1"")"
263,Judgement of the Blade,Neutral,Physical,25,30,Special Move,"5 physical attacks, 30 Neutral damage to one foe.","(""Jesmon"")","(""1"")"
264,Justice Kick,Neutral,Physical,20,130,Special Move,"Physical attack, 130 Neutral damage to one foe. 5% chance of increasing ATK by 50%.","(""Justimon"")","(""1"")"
265,Katana Attack,Neutral,Physical,10,0,Special Move,DEF-penetrating medium Neutral attack on one foe.,"(""Ryudamon"")","(""1"")"
266,Knuckle Beater,Neutral,Physical,5,75,Special Move,"Physical attack, 75 Neutral damage to one foe.","(""Monodramon"")","(""1"")"
267,Kunai Wing,Wind,Physical,10,30,Special Move,"3 physical attacks, 30 Wind damage to one foe.","(""Peckmon"")","(""1"")"
268,Legendary Dragon Blade,Earth,Physical,30,0,Special Move,DEF-penetrating strong Earth attack on one foe.,"(""Hisyaryumon"")","(""1"")"
269,Lightning Javelin,Electric,Magic,15,105,Special Move,"Magic attack, 105 Electric damage to one foe. 40% chance of paralyzing target.","(""MegaSeadramon"")","(""1"")"
270,Lightning Joust,Light,Physical,25,140,Special Move,"Physical attack, 140 Light damage to one foe. 50% chance of increasing DEF by 10%.","(""Gallantmon"")","(""1"")"
271,Lightning Joust,Light,Physical,25,135,Special Move,"Physical attack, 135 Light damage to one foe. 50% chance of increasing DEF by 10%.","(""Gallantmon NX"")","(""1"")"
272,Lightning Paw,Neutral,Fixed,10,0,Special Move,Fixed damage of 150 to one foe. 60% chance of confusing target.,"(""Gatomon"",""BlackGatomon"")","(""1"",""1"")"
273,Lightning Spear,Electric,Magic,40,0,Special Move,INT-penetrating strong Electric attack on one foe. Tends to critical more often.,"(""Kerpymon (Blk)"")","(""1"")"
274,Lila Shower,Plant,Magic,15,60,Special Move,"Magic attack, 60 Plant damage to all foes. 20% chance of poisoning target.","(""Lilamon"")","(""1"")"
275,Little Horn,Neutral,Physical,5,70,Special Move,"Physical attack, 70 Neutral damage to one foe. 10% chance of reducing target's DEF by 10%.","(""Gabumon (Blk)"")","(""1"")"
276,Love Serenade,Dark,Magic,30,0,Special Move,INT-penetrating medium Dark attack on all foes. 15% chance of paralyzing target.,"(""Etemon"")","(""1"")"
277,Lullaby Bubble,Water,Magic,5,55,Special Move,"Magic attack, 55 Water damage to one foe. 10% chance of putting target to sleep.","(""Otamamon"")","(""1"")"
278,Lunatic Dance,Water,Physical,15,100,Special Move,"Physical attack, 100 Water damage to one foe. 50% chance of confusing target.","(""Crescemon"")","(""1"")"
279,Mach Rush I,Neutral,Physical,4,35,Inheritable,"Physical attack, 35 Neutral damage to all foes. Always Hits.","(""Zubaeagermon"",""Antylamon"",""Digitamamon"",""Knightmon"",""Paildramon"",""MetalGreymon"",""Monzaemon"",""WereGarurumon (Blk)"",""Pandamon"",""ExVeemon"",""Raremon"",""Gargomon"",""Turuiemon"",""Volcanomon"",""SuperStarmon"")","(""10"",""15"",""15"",""15"",""15"",""15"",""15"",""15"",""15"",""18"",""18"",""25"",""25"",""25"",""35"")"
280,Mach Rush II,Neutral,Physical,7,50,Inheritable,"Physical attack, 50 Neutral damage to all foes. Always Hits.","(""Machinedramon"",""RustTyranomon"",""Chaosdramon"",""PileVolcamon"",""Strikedramon"",""Wingdramon"",""Antylamon"",""Infermon"",""Minervamon"",""Matadormon"",""Knightmon"",""WereGarurumon (Blk)"",""Duramon"",""Diaboromon"",""BlackWarGreymon"")","(""20"",""20"",""20"",""20"",""25"",""25"",""35"",""35"",""35"",""35"",""45"",""45"",""45"",""50"",""65"")"
281,Mach Rush III,Neutral,Physical,10,80,Inheritable,"Physical attack, 80 Neutral damage to all foes. Always Hits.","(""Gallantmon CM"",""Lucemon SM"",""Armageddemon"",""Jesmon"",""Arcadiamon Mega"",""Alphamon"",""Imperialdramon DM"",""Imperialdramon FM"",""Minervamon"",""Apocalymon"",""KingEtemon"",""Durandamon"",""PileVolcamon"",""OmniShoutmon"",""Ouryumon"",""Crusadermon NX"")","(""35"",""50"",""50"",""65"",""65"",""80"",""80"",""80"",""80"",""80"",""80"",""80"",""80"",""80"",""80"",""90"")"
282,Mach Stinger V,Electric,Physical,20,20,Special Move,"6 physical attacks, 20 Electric damage to one foe. Tends to critical more often.","(""TigerVespamon"")","(""1"")"
283,Machinegun Destroyer,Fire,Physical,20,150,Special Move,"Physical attack, 150 Fire damage to one foe. Decreases DEF by 10%.","(""MagnaGarurumon"")","(""1"")"
284,Marching Fishes,Water,Physical,5,15,Special Move,"1-3 physical attacks, 15 Water damage to all foes.","(""Gomamon"")","(""1"")"
285,Mature Poop,Earth,Physical,10,75,Special Move,"Physical attack, 75 Earth damage to one foe. 30% chance of reducing target's INT by 10%.","(""ShellNumemon"")","(""1"")"
286,Mega Burst,Fire,Physical,10,45,Special Move,"Physical attack, 45 Fire damage to all foes.","(""GeoGreymon"")","(""1"")"
287,Mega Flame,Fire,Physical,10,95,Special Move,"Physical attack, 95 Fire damage to one foe.","(""Greymon"")","(""1"")"
288,Megadeath,Dark,Magic,20,95,Special Move,"Magic attack, 95 Dark damage to all foes.","(""Imperialdramon DM"")","(""1"")"
289,Megiddo Flame,Fire,Physical,20,130,Special Move,"Physical attack, 130 Fire damage to one foe.","(""Megidramon"")","(""1"")"
290,Mental Break,Neutral,Support,6,0,Inheritable,Reduces INT of one enemy by 10%.,"(""Lopmon"",""Sukamon"",""PlatinumSukamon"",""BlueMeramon"",""MegaSeadramon"")","(""12"",""18"",""18"",""25"",""25"")"
291,Mental Break Field,Neutral,Support,20,0,Inheritable,Reduces INT of all enemies by 10%.,"(""ChaosGallantmon"",""MetalEtemon"",""Lucemon SM"",""Rosemon BM"",""Creepymon"",""Puppetmon"",""Arcadiamon Ultra"",""PlatinumNumemon"",""Belphemon SM"",""Belphemon RM"",""GranDracmon"",""Armageddemon"")","(""35"",""35"",""35"",""35"",""50"",""50"",""50"",""65"",""65"",""65"",""65"",""80"")"
292,Mental Charge,Neutral,Support,6,0,Inheritable,Increases INT of one member by 10%.,"(""Patamon"",""Biyomon"",""Kabuterimon"",""Guardromon (Gold)"",""Kyubimon"",""Taomon"")","(""12"",""12"",""18"",""18"",""25"",""25"")"
293,Mental Charge Field,Neutral,Support,20,0,Inheritable,Increases INT of all battle members by 10%.,"(""Alphamon"",""UlforceVeedramon"",""MegaGargomon"",""Imperialdramon PM"",""Vikemon"",""Leopardmon NX"",""PrinceMamemon"",""HerculesKabuterimon"",""Rosemon"")","(""35"",""35"",""35"",""35"",""50"",""55"",""65"",""65"",""65"")"
294,Metal Armor Blade,Neutral,Physical,20,0,Special Move,DEF-penetrating medium Neutral attack on one foe. Tends to critical hit more often.,"(""Ginryumon"")","(""1"")"
295,Metal Cannon,Neutral,Physical,5,70,Special Move,"Physical attack, 70 Neutral damage to one foe. 30% chance of increasing DEF by 10%.","(""Dorumon"")","(""1"")"
296,Metal Meteor,Earth,Physical,15,115,Special Move,"Physical attack, 115 Earth damage to one foe.","(""DoruGreymon"")","(""1"")"
297,Meteor Fall I,Fire,Physical,4,30,Inheritable,"Physical attack, 30 Fire damage to all foes. 95% accuracy.","(""Strikedramon"",""Garudamon"",""BlueMeramon"",""SaviorHuckmon"",""Greymon (Blue)"",""Agunimon"",""Birdramon"",""Meteormon"",""CannonBeemon"",""Pumpkinmon"",""Rapidmon"",""WereGarurumon"",""Golemon"",""CatchMamemon"")","(""10"",""15"",""15"",""15"",""18"",""18"",""25"",""25"",""25"",""25"",""25"",""25"",""25"",""25"")"
298,Meteor Fall II,Fire,Physical,7,45,Inheritable,"Physical attack, 45 Fire damage to all foes. 95% accuracy.","(""WarGreymon"",""BlackWarGreymon"",""Megidramon"",""BaoHuckmon"",""MetalGreymon"",""MetalGreymon (Blue)"",""RizeGreymon"",""BurningGreymon"",""Examon"",""Dynasmon"",""TyrantKabuterimon"",""Gaiomon"",""Gankoomon"",""Beelzemon"",""PileVolcamon"")","(""20"",""20"",""20"",""25"",""35"",""35"",""35"",""45"",""50"",""50"",""50"",""65"",""65"",""65"",""65"")"
299,Meteor Fall III,Fire,Physical,10,75,Inheritable,"Physical attack, 75 Fire damage to all foes. 95% accuracy.","(""Crusadermon NX"",""Imperialdramon DM"",""Imperialdramon FM"",""OmniShoutmon"",""WarGreymon"",""Gaiomon"",""Gankoomon"",""Jesmon"",""ShineGreymon"",""Diaboromon"",""Gallantmon"",""BlackWarGreymon"",""Beelzemon BM"",""KaiserGreymon"",""Dorugoramon"",""Megidramon"")","(""40"",""50"",""50"",""65"",""80"",""80"",""80"",""80"",""80"",""80"",""80"",""80"",""80"",""80"",""80"",""80"")"
300,Meteor Shower,Neutral,Physical,10,40,Special Move,"Physical attack, 40 Neutral damage to all foes. 90% accuracy. Tends to critical more often.","(""Starmon"")","(""1"")"
301,Meteor Wing,Fire,Magic,10,25,Special Move,"Magic attack, 25 Fire damage to all foes. 10% chance of increasing SPD by 10%.","(""Birdramon"")","(""1"")"
302,Miracle Bomb,Fire,Physical,15,130,Special Move,"Physical attack, 130 Fire damage to one foe. Crystallizing attack occurs at random.","(""CatchMamemon"")","(""1"")"
303,Mirror Reflection,Neutral,Support,6,0,Inheritable,Counterattacks the enemy when you receive a magic attack.,"(""Socerimon"",""Seadramon"",""Wisemon"",""Etemon"",""Dianamon"",""Omnimon Zwart"",""Garudamon"",""Crowmon"",""MirageGaogamon"",""Neptunemon"",""TigerVespamon"")","(""18"",""25"",""25"",""35"",""35"",""35"",""45"",""45"",""50"",""50"",""65"")"
304,Monkey Wrench,Neutral,Support,40,0,Special Move,Reduces all stats of one foe by 30% and decreases combo rate.,"(""KingEtemon"")","(""1"")"
305,Moon Night Bomb,Water,Magic,10,60,Special Move,"Magic attack, 60 Water damage to one foe. 50% chance of putting target to sleep.","(""Lekismon"")","(""1"")"
306,Mourning Dance,Dark,Physical,20,20,Special Move,"8 physical attacks, 20 Dark damage to one foe. Damage tends to fluctuate.","(""Ravemon BM"")","(""1"")"
307,Musical Fist,Neutral,Magic,30,0,Special Move,INT-penetrating medium Neutral attack on all foes with 10% chance of reducing ATK/INT by 10%.,"(""ShogunGekomon"")","(""1"")"
308,Nail Bone,Neutral,Direct,15,0,Special Move,Reduce HP of one foe by 20%. 50% chance of crystallizing target.,"(""SkullSatamon"")","(""1"")"
309,Nail Scratch,Dark,Physical,2,40,Special Move,"Physical attack, 40 Dark damage to one foe.","(""Tsumemon"")","(""1"")"
310,Nanomachine Break I,Electric,Physical,3,65,Inheritable,"Physical attack, 65 Thunder damage to one foe. 95% accuracy.","(""Tentomon"",""Hagurumon"",""FanBeemon"")","(""6"",""6"",""6"")"
311,Nanomachine Break II,Electric,Physical,6,85,Inheritable,"Physical attack, 85 Thunder damage to one foe. 95% accuracy.","(""Guardromon"",""Tankmon"",""Waspmon"",""Kurisarimon"",""Geremon"",""Hisyaryumon"")","(""10"",""10"",""10"",""18"",""25"",""50"")"
312,Nanomachine Break III,Electric,Physical,9,105,Inheritable,"Physical attack, 105 Thunder damage to one foe. 95% accuracy.","(""TigerVespamon"",""Boltmon"",""Andromon"",""CannonBeemon"",""GrapLeomon"",""MetalMamemon"",""Machinedramon"",""RustTyranomon"",""Gallantmon NX"",""MetalTyrannomon"",""Rapidmon"",""CatchMamemon"",""Chaosdramon"",""Brakedramon"",""Ouryumon"",""Darkdramon"")","(""20"",""20"",""35"",""35"",""35"",""35"",""35"",""35"",""40"",""45"",""45"",""45"",""50"",""50"",""50"",""65"")"
313,Needle Spray,Plant,Physical,10,40,Special Move,"Physical attack, 40 Plant damage to all foes. 5% chance of paralyzing target.","(""Togemon"")","(""1"")"
314,Night Raid,Dark,Magic,15,65,Special Move,"Magic attack, 65 Dark damage to all foes, absorbs 15% into HP.","(""Myotismon"")","(""1"")"
315,Nightmare I,Dark,Magic,3,55,Inheritable,"Magic attack, 55 Dark damage to one foe. 95% accuracy.","(""Pagumon"",""Impmon"")","(""5"",""6"")"
316,Nightmare II,Dark,Magic,6,75,Inheritable,"Magic attack, 75 Dark damage to one foe. 95% accuracy.","(""Wizardmon"",""Bakemon"",""BlackGatomon"",""Sangloupmon"",""Sukamon"")","(""10"",""10"",""10"",""18"",""25"")"
317,Nightmare III,Dark,Magic,9,95,Inheritable,"Magic attack, 95 Dark damage to one foe. 95% accuracy.","(""Creepymon"",""GranDracmon"",""Kerpymon (Blk)"",""Lucemon SM"",""Barbamon"",""Kuzuhamon"",""LadyDevimon"",""Myotismon"",""Taomon"",""Phantomon"",""Wisemon"",""Vademon"",""BlackKingNumemon"",""SkullSatamon"",""Etemon"",""Dianamon"",""Piedmon"",""Lilithmon"",""Apocalymon"")","(""20"",""20"",""20"",""20"",""20"",""20"",""35"",""35"",""35"",""35"",""45"",""45"",""45"",""45"",""45"",""50"",""50"",""50"",""65"")"
318,Nightmare Syndrome,Neutral,Magic,15,0,Special Move,Reduce 15% HP from one enemy. 20% chance of putting target to sleep.,"(""Digitamamon"")","(""1"")"
319,Ninja Blade,Wind,Physical,5,35,Special Move,"Physical attack, 35 Wind damage to all foes.","(""Falcomon"")","(""1"")"
320,Ninja Claw,Neutral,Physical,10,30,Special Move,"3 physical attacks, 30 Neutral damage to one foe. Tends to critical more often.","(""Turuiemon"")","(""1"")"
321,Nitro Stinger,Electric,Physical,30,0,Special Move,DEF-penetrating strong Electric attack on one foe.,"(""CannonBeemon"")","(""1"")"
322,Nuclear Laser,Electric,Physical,30,0,Special Move,DEF-penetrating medium Electric attack on one foe. Increases DEF by 10%.,"(""MetalTyrannomon"")","(""1"")"
323,Oblivion Bird,Fire,Physical,15,110,Special Move,"Physical attack, 110 Fire damage to one foe. 50% chance of reducing target's DEF by 10%.","(""SkullGreymon"")","(""1"")"
324,Ocean Love,Neutral,Support,20,0,Special Move,Restore HP to all battle members and recover all status effects.,"(""MarineAngemon"")","(""1"")"
325,Ocean Wave I,Water,Magic,4,20,Inheritable,"Magic attack, 20 Water damage to all foes. 95% accuracy.","(""ShogunGekomon"",""Panjyamon"",""Whamon"",""Crescemon"",""Ikkakumon"",""Frigimon"",""Piximon"",""Icemon"")","(""15"",""15"",""15"",""15"",""18"",""18"",""25"",""25"")"
326,Ocean Wave II,Water,Magic,7,35,Inheritable,"Magic attack, 35 Water damage to all foes. 95% accuracy.","(""Plesiomon"",""Dragomon"",""ShogunGekomon"",""MarineAngemon"",""MetalSeadramon"",""Zudomon"")","(""20"",""25"",""35"",""35"",""35"",""45"")"
327,Ocean Wave III,Water,Magic,10,65,Inheritable,"Magic attack, 65 Water damage to all foes. 95% accuracy.","(""Neptunemon"",""Vikemon"",""ChaosGallantmon"",""Dianamon"",""Plesiomon"",""MetalGarurumon"",""MetalSeadramon"",""Leviamon"",""Leopardmon NX"")","(""65"",""80"",""80"",""80"",""80"",""80"",""80"",""80"",""90"")"
328,Odin's Breath,Water,Physical,25,105,Special Move,"Physical attack, 105 Water damage to all foes. 10% chance of putting target to sleep.","(""Kentaurosmon"")","(""1"")"
329,Omni Sword,Light,Physical,30,150,Special Move,"Physical attack, 150 Light damage to one foe. 30% chance of dotting target.","(""Imperialdramon PM"")","(""1"")"
330,Pandemonium Lost,Dark,Magic,25,80,Special Move,"Magic attack, 80 Dark damage to all foes, absorbs 20% into HP.","(""Barbamon"")","(""1"")"
331,Pandora Dialogue,Neutral,Magic,15,0,Special Move,Reduces HP of all foes by 20%. Receive damage equal to 10% of HP from recoil.,"(""Wisemon"")","(""1"")"
332,Panic Wisp,Fire,Magic,10,30,Inheritable,"Magic attack, 30 Fire damage to one foe. Confuses target. 70% accuracy.","(""DemiDevimon"",""Sukamon"",""Gazimon"",""Megadramon"",""Dragomon"",""Kyubimon"",""Monzaemon"",""GranDracmon"",""CannonBeemon"")","(""6"",""10"",""12"",""15"",""15"",""18"",""35"",""35"",""45"")"
333,Pendragon's Glory,Electric,Physical,25,145,Special Move,"Physical attack, 145 Electric damage to one foe.","(""Examon"")","(""1"")"
334,Pepper Breath,Fire,Physical,5,70,Special Move,"Physical attack, 70 Fire damage to one foe.","(""Agumon"")","(""1"")"
335,Perfect Revival,Neutral,Support,60,0,Inheritable,Revives all party members with a great amount of HP restored.,"(""Ophanimon"",""Magnadramon"",""Seraphimon"",""Imperialdramon PM"",""Valkyrimon"",""Rosemon BM"",""Varodurumon"",""Susanomon"",""Sistermon B (Awake.)"",""Omnimon NX"")","(""35"",""50"",""80"",""80"",""80"",""80"",""80"",""80"",""90"",""90"")"
336,Phantom Pain,Dark,Magic,50,0,Special Move,INT-penetrating extra strong Dark attack on one foe. 35% chance of poisoning target.,"(""Lilithmon"")","(""1"")"
337,Physical Drain,Neutral,Physical,3,50,Inheritable,"Physical attack, 50 Neutral damage to one foe. Absorb 10% SP.","(""Arcadiamon In-Tr."",""Devimon"",""GranKuwagamon"",""Bakemon"",""Cherrymon"",""SkullMeramon"",""Datamon"",""Sangloupmon"",""Beelzemon"",""Apocalymon"",""VenomMyotismon"")","(""5"",""18"",""20"",""25"",""25"",""25"",""25"",""25"",""35"",""35"",""50"")"
338,Pit Bomb,Fire,Magic,15,105,Special Move,"Magic attack, 105 Fire damage to one foe.","(""Piximon"")","(""1"")"
339,Plasma Shot,Fire,Physical,25,35,Special Move,"3 physical attacks, 35 Fire damage to all foes.","(""Magnamon"")","(""1"")"
340,Plastic Blaze,Fire,Physical,5,60,Special Move,"Physical attack, 60 Fire damage to one foe. 10% chance of reducing target's INT by 10%.","(""ToyAgumon"")","(""1"")"
341,Platinum Junk,Earth,Physical,20,35,Special Move,"4 physical attacks, 35 Earth damage to one foe. 30% chance of reducing target's ATK by 10%.","(""PlatinumNumemon"")","(""1"")"
342,Poison Bubbles,Dark,Magic,2,25,Special Move,"Magic attack, 25 Dark damage to one foe. 10% chance of poisoning the target.","(""Pagumon"")","(""1"")"
343,Poison Ivy,Plant,Physical,5,65,Special Move,"Physical attack, 65 Plant damage to one foe. 10% chance of poisoning target.","(""Palmon"")","(""1"")"
344,Poop,Earth,Physical,10,75,Special Move,"Physical attack, 75 Earth damage to one foe. 30% chance of reducing target's SPD by 10%.","(""Sukamon"")","(""1"")"
345,Poop Dunk,Earth,Physical,10,80,Special Move,"Physical attack, 80 Earth damage to one foe. 30% chance of reducing target's DEF by 10%.","(""Nanimon"")","(""1"")"
346,Poop Toss,Earth,Physical,10,75,Special Move,"Physical attack, 75 Earth damage to one foe. 30% chance of reducing target's ATK by 10%.","(""Numemon"")","(""1"")"
347,Positron Laser,Light,Physical,20,150,Special Move,"Physical attack, 150 Light damage to one foe.","(""Imperialdramon FM"")","(""1"")"
348,Power Energy I,Neutral,Magic,3,60,Inheritable,"Magic attack, 60 Neutral damage to one foe. Always Hits.","(""Motimon"",""ToyAgumon"")","(""5"",""6"")"
349,Power Energy II,Neutral,Magic,6,80,Inheritable,"Magic attack, 80 Neutral damage to one foe. Always Hits.","(""Lekismon"",""Woodmon"",""Starmon"",""BlackGatomon"")","(""18"",""25"",""25"",""25"")"
350,Power Energy III,Neutral,Magic,9,100,Inheritable,"Magic attack, 100 Neutral damage to one foe. Always Hits.","(""Alphamon"",""HiAndromon"",""Antylamon"",""Meteormon"",""Datamon"",""PrinceMamemon"",""Hououmon"",""Leviamon"")","(""20"",""35"",""45"",""45"",""45"",""50"",""50"",""65"")"
351,Power Metal,Neutral,Physical,10,90,Special Move,"Physical attack, 90 Neutral damage to one foe. 30% chance of increasing attack by 10%.","(""Dorugamon"")","(""1"")"
352,Prison Fist,Dark,Physical,10,20,Special Move,"3-5 physical attacks, 20 Dark damage to one foe, with 30% of damage restored as HP.","(""Arcadiamon Champion"")","(""1"")"
353,Protect Wave,Neutral,Support,30,0,Special Move,Prevents any abnormal statuses in all allies.,"(""Sistermon Blanc"")","(""1"")"
354,Protect Wave (Awake),Neutral,Support,99,0,Special Move,Nullifies damage received to all allies until next turn and prevents any abnormal statuses.,"(""Sistermon B (Awake.)"")","(""1"")"
355,Pummel Whack,Dark,Physical,10,90,Special Move,"Physical attack, 90 Dark damage to one foe.","(""Ogremon"")","(""1"")"
356,Puppet Pummel,Earth,Physical,20,125,Special Move,"Physical attack, 125 Earth damage to one foe. 50% chance of stunning target.","(""Puppetmon"")","(""1"")"
357,Puppy Howl,Light,Magic,10,0,Special Move,INT-penetrating medium Light attack on one foe. 10% chance of paralyzing target.,"(""Salamon"")","(""1"")"
358,Pyro Punch,Fire,Physical,10,45,Special Move,"2 physical attacks, 45 Fire damage to one foe.","(""Agunimon"")","(""1"")"
359,Quake!Blast!Fire!Father!,Fire,Physical,25,35,Special Move,"4 physical attacks, 35 Fire damage to one foe.","(""Gankoomon"")","(""1"")"
360,Quo Vadis,Light,Physical,40,0,Special Move,DEF-penetrating strong Light attack on one foe. Always hits. 10% chance of Instant Death.,"(""Gallantmon CM"")","(""1"")"
361,Rare Metal Poop,Earth,Physical,10,80,Special Move,"Physical attack, 80 Earth damage to one foe. Causes Knockback.","(""PlatinumSukamon"")","(""1"")"
362,Razor Wind,Neutral,Physical,10,30,Special Move,"2-4 physical attacks, 30 Neutral damage to one foe.","(""Reppamon"")","(""1"")"
363,Restore,Neutral,Support,25,0,Inheritable,Removes all abnormal statuses from all battle members.,"(""Sakuyamon"",""Kentaurosmon"",""Dianamon"",""Imperialdramon PM"",""Gallantmon CM"")","(""20"",""65"",""65"",""65"",""65"")"
364,Revenge Flame,Neutral,Direct,15,0,Special Move,Counterattack the enemy when you receive a physical or magic attack.,"(""MetalGreymon (Blue)"")","(""1"")"
365,Revive,Neutral,Support,30,0,Inheritable,Revive one fallen party member with 50% HP.,"(""Lucemon"",""GoldNumemon"",""Gatomon"",""Angewomon"",""Chirinmon"",""Jesmon"",""Magnamon"",""Sistermon B (Awake.)"",""MagnaAngemon"",""SaviorHuckmon"",""Rosemon BM"",""Merukimon"",""Justimon"",""Gryphonmon"")","(""15"",""18"",""25"",""35"",""35"",""35"",""35"",""40"",""45"",""45"",""50"",""50"",""65"",""80"")"
366,Ripping Net,Electric,Physical,10,40,Inheritable,"Physical attack, 40 Thunder damage to one foe. Paralyzes target. 70% accuracy.","(""Gargomon"",""Elecmon"",""Tentomon"",""Datamon"",""MetalTyrannomon"",""Togemon"",""Waspmon"",""CatchMamemon"")","(""10"",""12"",""12"",""15"",""15"",""25"",""25"",""35"")"
367,River of Power,Water,Magic,20,130,Special Move,"Magic attack, 130 Water damage to one foe.","(""MetalSeadramon"")","(""1"")"
368,Rock Breaker,Earth,Physical,5,70,Special Move,"Physical attack, 70 Earth damage to one foe.","(""Guilmon"")","(""1"")"
369,Rock Fist,Earth,Physical,5,65,Special Move,"Physical attack, 65 Earth damage to one foe. 10% chance of increasing DEF by 10%.","(""Gotsumon"")","(""1"")"
370,Rune Forest I,Plant,Magic,4,20,Inheritable,"Magic attack, 20 Plant damage to all foes. 95% accuracy.","(""MegaKabuterimon"",""Cherrymon"",""Lilamon"",""Lillymon"",""Hudiemon"",""Digitamamon"",""Monzaemon"")","(""15"",""15"",""15"",""15"",""18"",""25"",""25"")"
371,Rune Forest II,Plant,Magic,7,35,Inheritable,"Magic attack, 35 Plant damage to all foes. 95% accuracy.","(""Rosemon"",""Lotosmon"",""Cherrymon"",""Lilamon"",""MegaKabuterimon"",""Lillymon"",""HerculesKabuterimon"",""Puppetmon"")","(""20"",""20"",""35"",""35"",""45"",""45"",""50"",""65"")"
372,Rune Forest III,Plant,Magic,10,65,Inheritable,"Magic attack, 65 Plant damage to all foes. 95% accuracy.","(""Puppetmon"",""HerculesKabuterimon"",""Rosemon"",""Lotosmon"")","(""80"",""80"",""80"",""80"")"
373,S-Gold Solar Storm,Light,Magic,25,75,Special Move,"Magic attack, 75 Light damage to all foes. Increases DEF by 15%.","(""Magnamon"")","(""1"")"
374,Safety Guard,Neutral,Support,32,0,Inheritable,Make one member endure all attacks that could kill you once.,"(""Chaosmon"",""Chaosmon VA"",""Varodurumon"",""Rosemon BM"",""Sistermon B (Awake.)"",""Omnimon NX"",""Kerpymon (Good)"",""Hououmon"",""Mastemon"",""MarineAngemon"")","(""20"",""20"",""35"",""65"",""70"",""70"",""80"",""80"",""80"",""80"")"
375,Saint Knuckle I,Light,Physical,3,65,Inheritable,"Physical attack, 65 Light damage to one foe. 95% accuracy.","(""Nyaromon"",""Kudamon"")","(""5"",""6"")"
376,Saint Knuckle II,Light,Physical,6,85,Inheritable,"Physical attack, 85 Light damage to one foe. 95% accuracy.","(""Reppamon"",""Starmon"",""Lobomon"",""Veedramon"",""Leomon"",""Duramon"",""Arcadiamon Ultimate"")","(""10"",""18"",""18"",""25"",""25"",""25"",""45"")"
377,Saint Knuckle III,Light,Physical,9,105,Inheritable,"Physical attack, 105 Light damage to one foe. 95% accuracy.","(""Susanomon"",""MirageGaogamon BM"",""Goldramon"",""Rapidmon (Armor)"",""Omnimon"",""MagnaGarurumon"",""Leopardmon LM"",""Leopardmon"",""Gallantmon"",""Justimon"",""ShineGreymon"",""MagnaGarurumon (SV)"",""Grademon"",""Kentaurosmon"",""KendoGarurumon"",""SaviorHuckmon"",""SuperStarmon"",""WarGrowlmon"",""AeroVeedramon"",""Arcadiamon Mega"",""Imperialdramon PM"",""Chaosmon"",""Alphamon Ouryuken"",""Chaosmon VA"")","(""20"",""20"",""20"",""20"",""20"",""20"",""20"",""20"",""20"",""20"",""20"",""20"",""25"",""35"",""35"",""35"",""45"",""45"",""45"",""50"",""50"",""65"",""65"",""65"")"
378,Savage Emperor,Light,Magic,15,105,Special Move,"Magic attack, 105 Light damage to one foe.","(""Crowmon"")","(""1"")"
379,Scissor Claw,Neutral,Physical,20,0,Special Move,DEF-penetrating medium Neutral attack on one foe.,"(""Kuwagamon"")","(""1"")"
380,Scrapless Claw,Earth,Physical,15,110,Special Move,"Physical attack, 110 Earth damage to one foe. Tends to critical hit more often.","(""Groundramon"")","(""1"")"
381,Seed Blast,Plant,Physical,5,15,Special Move,"2 physical attacks, 15 Plant damage to all foes.","(""Lalamon"")","(""1"")"
382,Seven's Fantasia,Light,Magic,20,75,Special Move,"Magic attack, 75 Light damage to all foes. 20% chance of confusing target.","(""Lotosmon"")","(""1"")"
383,Shadow Wing,Fire,Magic,15,65,Special Move,"Magic attack, 65 Fire damage to all foes.","(""Garudamon"")","(""1"")"
384,Shield of the Just,Light,Magic,25,115,Special Move,"Magic attack, 115 Light damage to one foe. Always hits. Cancels negative effects on itself.","(""Gallantmon"")","(""1"")"
385,Shield of the Just,Light,Magic,25,110,Special Move,"Magic attack, 110 Light damage to one foe. Always hits. Removes basic stat debuffs.","(""Gallantmon NX"")","(""1"")"
386,Shine of Bee,Fire,Physical,35,0,Special Move,DEF-penetrating strong Fire attack on all foes. Cannot move from recoil for one turn.,"(""TyrantKabuterimon"")","(""1"")"
387,Shining Laser I,Light,Magic,4,20,Inheritable,"Magic attack, 20 Light damage to all foes. 95% accuracy.","(""Solarmon"",""Angewomon"",""Shakkoumon"",""SuperStarmon"",""Chirinmon"",""Piximon"",""MagnaAngemon"",""Reppamon"",""Angemon"",""HippoGryphonmon"",""Grademon"",""Crescemon"")","(""12"",""15"",""15"",""15"",""15"",""15"",""15"",""18"",""25"",""25"",""35"",""35"")"
388,Shining Laser II,Light,Magic,7,35,Inheritable,"Magic attack, 35 Light damage to all foes. 95% accuracy.","(""Lucemon FM"",""Ophanimon"",""Kentaurosmon"",""Magnadramon"",""Lucemon"",""Sakuyamon"",""Seraphimon"",""Rapidmon (Armor)"",""Gryphonmon"",""Kerpymon (Good)"")","(""20"",""20"",""20"",""20"",""35"",""35"",""35"",""35"",""35"",""50"")"
389,Shining Laser III,Light,Magic,10,65,Inheritable,"Magic attack, 65 Light damage to all foes. 95% accuracy.","(""Mastemon"",""Gallantmon CM"",""Susanomon"",""Kentaurosmon"",""Leopardmon"",""Leopardmon LM"",""Sistermon B (Awake.)"",""Kerpymon (Good)"",""Seraphimon"",""Varodurumon"",""Alphamon NX"",""Lucemon FM"",""Ophanimon"",""Magnadramon"",""Rapidmon (Armor)"",""MirageGaogamon BM"")","(""20"",""20"",""35"",""50"",""50"",""50"",""55"",""65"",""65"",""65"",""70"",""80"",""80"",""80"",""80"",""80"")"
390,Shiny Ring,Light,Physical,5,70,Special Move,"Physical attack, 70 Light damage to one foe. Alwatys hits.","(""Solarmon"")","(""1"")"
391,Shock,Earth,Physical,10,40,Inheritable,"Physical attack, 40 Earth damage to one foe. Stuns target. 70% accuracy.","(""Armadillomon"",""Goblimon"",""Shoutmon"",""Gigadramon"",""CatchMamemon"",""Coredramon (Green)"",""Tankmon"",""Nanimon"",""Raptordramon"",""KaiserGreymon"")","(""12"",""12"",""12"",""15"",""15"",""18"",""25"",""25"",""25"",""50"")"
392,Silent Bullet,Dark,Physical,10,15,Special Move,"2-4 physical attacks, 15 Dark damage to all foes.","(""Sistermon Ciel"")","(""1"")"
393,Silent Bullet (Awake),Dark,Physical,20,30,Special Move,"2-4 physical attacks, 30 Dark damage to all foes.","(""Sistermon C (Awake.)"")","(""1"")"
394,Sludge,Earth,Physical,10,40,Special Move,"Physical attack, 40 Earth damage to all foes. 10% chance to poison.","(""Raremon"")","(""1"")"
395,Smile Bomber,Fire,Physical,15,110,Special Move,"Physical attack, 110 Fire damage to one foe. Always hits.","(""Mamemon"")","(""1"")"
396,Smile Fang,Neutral,Physical,2,40,Special Move,"Physical attack, 40 Neutral damage to one foe.","(""Wanyamon"")","(""1"")"
397,Smile Warhead,Neutral,Physical,20,110,Special Move,"Physical attack, 110 Neutral damage to one foe. Causes knockback.","(""PrinceMamemon"")","(""1"")"
398,Soap Flower,Water,Magic,2,30,Special Move,"Magic attack, 30 Water damage to one foe.","(""Yokomon"")","(""1"")"
399,Sonic Void I,Wind,Magic,3,55,Inheritable,"Magic attack, 55 Wind damage to one foe. 95% accuracy.","(""Patamon"",""Biyomon"",""Hawkmon"")","(""6"",""6"",""12"")"
400,Sonic Void II,Wind,Magic,6,75,Inheritable,"Magic attack, 75 Wind damage to one foe. 95% accuracy.","(""GaoGamon"",""Airdramon"",""Unimon"",""HippoGryphonmon"",""Aquilamon"",""Wizardmon"")","(""10"",""10"",""10"",""15"",""18"",""25"")"
401,Sonic Void III,Wind,Magic,9,95,Inheritable,"Magic attack, 95 Wind damage to one foe. 95% accuracy.","(""Ravemon"",""Silphymon"",""Crowmon"",""Andromon"",""HippoGryphonmon"",""Imperialdramon DM"",""Imperialdramon FM"",""MetalGarurumon"",""Merukimon"",""Gallantmon NX"")","(""20"",""35"",""35"",""45"",""45"",""65"",""65"",""65"",""65"",""90"")"
402,Sorrow Blue,Water,Magic,40,0,Special Move,INT-penetrating medium Water attack on all foes. 25% chance of putting target to sleep.,"(""Plesiomon"")","(""1"")"
403,Soul Absorption,Dark,Physical,5,70,Special Move,"Physical attack, 70 Dark damage to one foe, with 30% of damage restored as HP.","(""Arcadiamon Rookie"")","(""1"")"
404,Soul Chopper,Dark,Magic,30,0,Special Move,INT-penetrating extra strong dark attack on one foe. 10% chance of Instant Death.,"(""Phantomon"")","(""1"")"
405,Soul Core Attack,Earth,Physical,30,0,Special Move,DEF-penetrating strong Earth attack on one foe.,"(""Titamon"")","(""1"")"
406,Soul Digitalization,Neutral,Magic,25,95,Special Move,"Magic attack, 95 Neutral damage to all foes. 5% chance of instantly killing target.","(""Alphamon"")","(""1"")"
407,Soul Digitalization,Neutral,Magic,25,90,Special Move,"Magic attack, 90 Neutral damage to all foes.","(""Alphamon NX"")","(""1"")"
408,Speed Break,Neutral,Support,6,0,Inheritable,Reduces SPD of one enemy by 10%.,"(""Wormmon"",""SkullMeramon"",""Wingdramon"",""Numemon"",""Vegiemon"",""MegaKabuterimon"",""Hisyaryumon"")","(""12"",""15"",""15"",""18"",""18"",""25"",""35"")"
409,Speed Break Field,Neutral,Support,20,0,Inheritable,Reduces SPD of all enemies by 10%.,"(""Leopardmon"",""Leopardmon LM"",""Ravemon BM"",""Arcadiamon Mega"",""Alphamon"",""Crusadermon"",""Machinedramon"",""MetalGarurumon (Blk)"",""RustTyranomon"",""TyrantKabuterimon"",""PlatinumNumemon"")","(""35"",""35"",""35"",""35"",""50"",""50"",""65"",""65"",""65"",""65"",""80"")"
410,Speed Charge,Neutral,Support,6,0,Inheritable,Increases SPD of one member by 10%.,"(""Falcomon"",""Garurumon"",""Garurumon (Blk)"",""Lobomon"",""Terriermon"",""Unimon"",""Dorugamon"",""AeroVeedramon"",""Ginryumon"",""HippoGryphonmon"")","(""6"",""10"",""10"",""10"",""12"",""18"",""25"",""25"",""25"",""35"")"
411,Speed Charge Field,Neutral,Support,20,0,Inheritable,Increases SPD of all battle members by 10%.,"(""TigerVespamon"",""Omnimon NX"",""KendoGarurumon"",""UlforceVeedramon"",""Boltmon"",""MetalGarurumon"",""Valkyrimon"",""Gryphonmon"",""Slayerdramon"",""OmniShoutmon"",""MirageGaogamon"",""Ravemon"",""Rapidmon (Armor)"",""GranKuwagamon"",""TyrantKabuterimon"")","(""35"",""40"",""45"",""50"",""50"",""50"",""50"",""50"",""50"",""50"",""65"",""65"",""65"",""80"",""80"")"
412,Speed Star,Light,Physical,15,90,Special Move,"Physical attack, 90 Light damage to one foe. Increases SPD by 20%.","(""KendoGarurumon"")","(""1"")"
413,Spider Shooter,Fire,Physical,15,30,Special Move,"4 physical attacks, 30 Fire damage to one foe. 5% chance of reducing target's DEF by 10%.","(""Infermon"")","(""1"")"
414,Spiking Strike,Plant,Physical,20,0,Special Move,DEF-penetrating medium Plant attack on one foe. Tends to critical more often.,"(""Stingmon"")","(""1"")"
415,Spinning Needle,Wind,Physical,10,45,Special Move,"Physical attak, 45 Wind damage to all foes.","(""Airdramon"")","(""1"")"
416,Spiral Blow,Wind,Physical,10,90,Special Move,"Physical attack, 90 Wind damage to one foe.","(""GaoGamon"")","(""1"")"
417,Spiral Masquerade,Dark,Physical,25,30,Special Move,"4 physical attacks, 30 Dark damage to one foe. 30% chance of increasing SPD by 20%.","(""Crusadermon"")","(""1"")"
418,Spiral Masquerade,Dark,Physical,25,30,Special Move,"4 physical attacks, 30 Dark damage to one foe.","(""Crusadermon NX"")","(""1"")"
419,Spiral Sword,Electric,Physical,15,110,Special Move,"Physical attack, 110 Electric damage to one foe. Tends to critical more often.","(""Andromon"")","(""1"")"
420,Spiral Twister,Fire,Magic,5,55,Special Move,"Magic attack, 55 Fire damage to one foe. 10% chance of increasing INT by 10%.","(""Biyomon"")","(""1"")"
421,Spirit Drain,Neutral,Magic,3,40,Inheritable,"Magic attack, 40 Neutral damage to one foe. Absorb 10% SP.","(""IceDevimon"",""Myotismon"",""LadyDevimon"",""Lilithmon"",""Kerpymon (Blk)"",""Lucemon FM"",""Apocalymon"",""Barbamon"")","(""18"",""25"",""25"",""35"",""35"",""50"",""50"",""65"")"
422,Spitfire Blast,Fire,Physical,5,35,Special Move,"Physical attack, 35 Fire damage to all foes. 10% chance of increasing ATK by 10%.","(""Agumon (Blk)"")","(""1"")"
423,Starlight Explosion,Light,Magic,20,90,Special Move,"Magic attack, 90 Light damage to all foes.","(""Hououmon"")","(""1"")"
424,Starlight Velocity,Light,Physical,20,130,Special Move,"Physical attack, 130 Light damage to one foe. Increases SPD by 10%.","(""MagnaGarurumon (SV)"")","(""1"")"
425,Status Barrier,Neutral,Support,16,0,Inheritable,Make one member immune to all status effects.,"(""Hououmon"",""Kuzuhamon"",""Omnimon NX"",""Plesiomon"",""Ravemon BM"",""Sakuyamon"",""Kerpymon (Blk)"",""ShineGreymon BM"")","(""35"",""50"",""55"",""65"",""65"",""80"",""80"",""80"")"
426,Sticker Blade,Dark,Physical,10,25,Special Move,"3-5 physical attacks, 25 Dark damage to one foe, with 10% of damage restored as HP.","(""Sangloupmon"")","(""1"")"
427,Sticky Net,Plant,Physical,5,65,Special Move,"Physical attack, 65 Plant damage to one foe. 30% chance of reducing target's SPD by 10%.","(""Wormmon"")","(""1"")"
428,Strike of the Seven Stars,Light,Magic,20,15,Special Move,"7 magic attacks, 15 Light damage to all foes.","(""Seraphimon"")","(""1"")"
429,Strike Roll,Neutral,Physical,20,140,Special Move,"Physical attack, 140 Neutral damage to one foe. Tends to critical more often.","(""Minervamon"")","(""1"")"
430,Sub-zero Ice Punch,Water,Physical,10,80,Special Move,"Physical attack, 80 Water damage to one foe. 10% chance of stunning target.","(""Frigimon"")","(""1"")"
431,Summon,Neutral,Fixed,5,0,Special Move,Fixed damage of 100 to one foe. 30% chance of increasing INT by 10%.,"(""Impmon"")","(""1"")"
432,Sunshine Beam,Light,Magic,10,80,Special Move,"Magic attack, 80 Light damage to one foe.","(""Sunflowmon"")","(""1"")"
433,Super Bubble Blow,Water,Magic,2,35,Special Move,"Magic attack, 35 Water damage to one foe.","(""Poyomon"")","(""1"")"
434,Super Shocker,Electric,Magic,5,60,Special Move,"Magic attack, 60 Electric damage to one foe.","(""Tentomon"")","(""1"")"
435,Super Stinky Jet,Earth,Magic,10,20,Special Move,"Magic attack, 20 Earth damage to all foes. 30% chance of reducing target's SPD by 10%.","(""Vegiemon"")","(""1"")"
436,Supersonic Voice,Wind,Magic,30,0,Special Move,INT-penetrating extra strong Wind attack on one foe. 20% chance of inflicting Bug.,"(""Gryphonmon"")","(""1"")"
437,Superstar Uppercut,Light,Physical,15,110,Special Move,"Physical attack, 110 Light damage to one foe.","(""SuperStarmon"")","(""1"")"
438,Support End,Light,Magic,10,30,Inheritable,"Magic attack, 30 Light damage to one foe. Prevents the use of support skills.","(""SaviorHuckmon"",""Durandamon"",""Chaosmon VA"",""Lotosmon"",""Goldramon"",""Sistermon C (Awake.)"",""Leopardmon"",""Leopardmon LM"",""Lucemon SM"",""Ravemon BM"")","(""25"",""35"",""35"",""65"",""65"",""70"",""80"",""80"",""80"",""80"")"
439,Supreme Cannon,Water,Magic,30,0,Special Move,INT-penetrating strong Water attack on one foe.,"(""Omnimon"",""Omnimon Zwart"")","(""1"",""1"")"
440,Supreme Cannon,Water,Magic,30,95,Special Move,"Magic attack, 95 Water damage to all foes.","(""Omnimon NX"")","(""1"")"
441,Symphony Crusher,Neutral,Magic,20,0,Special Move,INT-penetrating medium Neutral attack on one foe.,"(""Gekomon"")","(""1"")"
442,Table Flip,Earth,Physical,25,100,Special Move,"Physical attack, 100 Earth damage to all foes. 70% accuracy. Tends to critical more often.","(""Gankoomon"")","(""1"")"
443,Tail Hammer,Earth,Physical,10,85,Special Move,"Physical attack, 85 Earth damage to one foe. 15% chance of stunning target.","(""Ankylomon"")","(""1"")"
444,Taizoukai Mandala,Dark,Magic,20,70,Special Move,"Magic attack, 70 Dark damage to all foes. Undoes ACU, EVA, or CRT boosts on target. Always hits.","(""Kuzuhamon"")","(""1"")"
445,Talisman of Light,Dark,Magic,15,105,Special Move,"Magic attack, 105 Dark damage to one foe.","(""Taomon"")","(""1"")"
446,Tearing Shot,Water,Magic,5,65,Special Move,"Magic attack, 65 Water damage to one foe.","(""Lunamon"")","(""1"")"
447,Terra Force,Fire,Physical,20,90,Special Move,"Physical attack, 90 Fire damage to all foes. 30% chance of increasing ATK by 20%.","(""WarGreymon"")","(""1"")"
448,Terrier Tornado,Wind,Magic,5,20,Special Move,"Magic attack, 20 Wind damage to all foes.","(""Terriermon"")","(""1"")"
449,Terrors Cluster,Electric,Physical,20,125,Special Move,"Physical attack, 125 Electric damage to one foe. 50% chance of paralyzing target.","(""RustTyranomon"")","(""1"")"
450,Texture Blow,Wind,Physical,10,40,Inheritable,"Physical attack, 40 Wind damage to one foe. Crystallizes target. 70% accuracy.","(""Ravemon BM"",""GoldNumemon"",""BlackKingNumemon"",""Pumpkinmon"",""Piedmon"")","(""20"",""25"",""25"",""45"",""65"")"
451,The King of Fists,Wind,Physical,15,55,Special Move,"1-3 physical attacks, 55 Wind damage to one foe. 15% chance of stunning target.","(""GrapLeomon"")","(""1"")"
452,The Ray of Victory,Light,Physical,25,100,Special Move,"Physical attack, 100 Light damage to all. Always hits. Increases SPD by 10%.","(""UlforceVeedramon"")","(""1"")"
453,Thorn Whip,Plant,Physical,20,120,Special Move,"Physical attack, 120 Plant damage to one foe, absorbs 50% into HP. 30% chance of paralyzing target.","(""Rosemon"")","(""1"")"
454,Thousand Fists,Wind,Physical,25,15,Special Move,"8 physical attacks, 15 Wind damage to one foe. Tends to critical more often.","(""Merukimon"")","(""1"")"
455,Thunder Cloud,Electric,Magic,5,30,Special Move,"2 magic attacks, 30 Electric damage to one foe.","(""Elecmon"",""Wizardmon"")","(""1"",""1"")"
456,Thunder Fall I,Electric,Physical,4,30,Inheritable,"Physical attack, 30 Thunder damage to all foes. 95% accuracy.","(""Okuwamon"",""CannonBeemon"",""GrapLeomon"",""MachGaogamon"",""Rapidmon"",""Gargomon"",""Hisyaryumon"",""Paildramon"",""Crowmon"",""Guardromon (Gold)"",""Dinobeemon"")","(""15"",""15"",""15"",""15"",""15"",""18"",""20"",""25"",""25"",""25"",""25"")"
457,Thunder Fall II,Electric,Physical,7,45,Inheritable,"Physical attack, 45 Thunder damage to all foes. 95% accuracy.","(""HiAndromon"",""MetalGarurumon (Blk)"",""Brakedramon"",""Rapidmon"",""Creepymon"",""HerculesKabuterimon"",""TyrantKabuterimon"",""MegaGargomon"",""Ebemon"",""GroundLocomon"",""Chaosdramon"")","(""20"",""20"",""20"",""35"",""35"",""35"",""35"",""50"",""65"",""65"",""65"")"
458,Thunder Fall III,Electric,Physical,10,75,Inheritable,"Physical attack, 75 Thunder damage to all foes. 95% accuracy.","(""Brakedramon"",""Crusadermon NX"",""GroundLocomon"",""TigerVespamon"",""HiAndromon"",""Boltmon"",""Machinedramon"",""MetalGarurumon (Blk)"",""RustTyranomon"",""Darkdramon"",""Chaosdramon"",""Goldramon"",""MagnaGarurumon"",""MagnaGarurumon (SV)"")","(""65"",""70"",""80"",""80"",""80"",""80"",""80"",""80"",""80"",""80"",""80"",""80"",""80"",""80"")"
459,Tidal Wave,Water,Magic,15,65,Special Move,"Magic attack, 65 Water damage to all foes.","(""Whamon"")","(""1"")"
460,Tomahawk Stinger,Neutral,Physical,20,130,Special Move,"Physical attack, 130 Neutral damage to one foe. 40% chance of confusing target.","(""Boltmon"")","(""1"")"
461,Top Gun,Wind,Magic,15,110,Special Move,"Magic attack, 110 Wind damage to one foe.","(""Silphymon"")","(""1"")"
462,Transcendent Sword,Fire,Physical,30,115,Special Move,"Physical attack, 115 Fire damage to all foes.","(""Omnimon"",""Omnimon Zwart"")","(""1"",""1"")"
463,Transcendent Sword,Fire,Physical,30,130,Special Move,"Physical attack, 130 Fire damage to one foe.","(""Omnimon NX"")","(""1"")"
464,Tri-Horn Attack,Earth,Physical,15,150,Special Move,"Physical attack, 150 Earth damage to one foe. Stuns target. 50% accuracy.","(""Triceramon"")","(""1"")"
465,Trick or Treat,Neutral,Physical,15,100,Special Move,"Physical attack, 100 Neutral damage to one foe. Decrease target's INT by 10%.","(""Pumpkinmon"")","(""1"")"
466,Trident Revolver,Fire,Physical,15,40,Special Move,"3 physical attacks, 40 Fire damage to one foe.","(""RizeGreymon"")","(""1"")"
467,Trident Saber,Neutral,Physical,15,40,Special Move,"3 physical attacks, 40 Neutral damage to one foe.","(""SaviorHuckmon"")","(""1"")"
468,Trump Sword,Neutral,Magic,20,35,Special Move,"4 magic attacks, 35 Neutral damage to one foe. Prevents the use of support skills.","(""Piedmon"")","(""1"")"
469,Turbo Stinger,Electric,Physical,10,25,Special Move,"4 physical attacks, 25 Electric damage to one foe.","(""Waspmon"")","(""1"")"
470,Twenty Dive,Neutral,Physical,5,75,Special Move,"Physical attack, 75 Neutral damage to one foe.","(""Zubamon"")","(""1"")"
471,Ultimate Flare,Fire,Physical,20,90,Special Move,"3 physical attacks, 90 Fire damage to one foe. Cannot move from recoil for one turn.","(""Armageddemon"")","(""1"")"
472,Ultimate Ouryuken,Neutral,Physical,50,0,Special Move,DEF-penetrating extra strong Neutral attack on one foe.,"(""Alphamon Ouryuken"")","(""1"")"
473,Unidentified Flying Kiss,Dark,Magic,15,95,Special Move,"Magic attack, 95 Dark damage to one foe. 15% chance of dotting target.","(""Vademon"")","(""1"")"
474,V-Nova Blast,Fire,Physical,10,105,Special Move,"Physical attack, 105 Fire damage to one foe. After use, receive 5% HP damage from recoil.","(""Veedramon"")","(""1"")"
475,Vantheon,Neutral,Physical,10,15,Special Move,"4-8 physical attacks, 15 Neutral damage to one foe. 20% chance of increasing ATK by 10%.","(""Zubaeagermon"")","(""1"")"
476,Vee Laser,Light,Physical,10,95,Special Move,"Physical attack, 95 Light damage to one foe.","(""ExVeemon"")","(""1"")"
477,Veemon Headbutt,Neutral,Physical,5,75,Special Move,"Physical attack, 75 Neutral damage to one foe.","(""Veemon"")","(""1"")"
478,Venom Infusion,Dark,Physical,20,135,Special Move,"Physical attack, 135 Dark damage to one foe. 50% chance of poisoning target.","(""VenomMyotismon"")","(""1"")"
479,Venom Trap,Plant,Physical,10,40,Inheritable,"Physical attack, 40 Plant damage to one foe. Poisons target. 70% accuracy.","(""Lalamon"",""Wormmon"",""Mushroomon"",""Geremon"",""Numemon"",""Raremon"",""Cyberdramon"",""Vademon"",""Vegiemon"",""Okuwamon"",""Armageddemon"")","(""6"",""6"",""6"",""10"",""10"",""10"",""15"",""15"",""25"",""25"",""35"")"
480,Victory Sword,Wind,Physical,25,65,Special Move,"2 physical attacks, 65 Wind damage to one foe.","(""UlforceVeedramon"")","(""1"")"
481,Volcanic Driver,Fire,Physical,20,130,Special Move,"Physical attack, 130 Fire damage to one foe. Tends to critical more often.","(""PileVolcamon"")","(""1"")"
482,Volcanic Strike,Fire,Physical,10,95,Special Move,"Physical attack, 95 Fire damage to one foe.","(""Monochromon"")","(""1"")"
483,Vortex Penetration,Water,Physical,35,0,Special Move,DEF-penetrating strong Water attack on one foe. Always hits.,"(""Neptunemon"")","(""1"")"
484,Vulcan Crusher,Earth,Physical,30,145,Special Move,"Physical attack, 145 Earth damage to one foe. 35% chance of stunning target. 95% accuracy.","(""Leopardmon LM"")","(""1"")"
485,Vulcan's Hammer,Electric,Physical,15,115,Special Move,"Physical attack, 115 Electric damage to one foe.","(""Zudomon"")","(""1"")"
486,Waltz's End,Neutral,Physical,25,35,Special Move,"3 physical attacks, 35 Neutral damage to all foes.","(""Craniamon"")","(""1"")"
487,Weltgeist,Neutral,Support,15,0,Special Move,"Nullify all received damage until the next turn, and counterattacks when receiving physical or magic attacks.","(""Jesmon"")","(""1"")"
488,Will-o'-Wisp,Fire,Magic,10,30,Special Move,"Magic attack, 30 Fire damage to all foes.","(""Kyubimon"")","(""1"")"
489,Will-O'-Wisp Slash,Fire,Physical,20,70,Special Move,"2 physical attacks, 70 Fire damage to one foe.","(""Gaiomon"")","(""1"")"
490,Wind Claw I,Wind,Physical,3,65,Inheritable,"Physical attack, 65 Wind damage to one foe. 95% accuracy.","(""Wanyamon"",""Hawkmon"",""Veemon"")","(""5"",""6"",""12"")"
491,Wind Claw II,Wind,Physical,6,85,Inheritable,"Physical attack, 85 Wind damage to one foe. 95% accuracy.","(""Aquilamon"",""Veedramon"",""Peckmon"",""KendoGarurumon"",""Coredramon (Blue)"",""Stingmon"",""Arcadiamon Ultimate"",""Wingdramon"")","(""10"",""10"",""10"",""15"",""18"",""25"",""35"",""35"")"
492,Wind Claw III,Wind,Physical,9,105,Inheritable,"Physical attack, 105 Wind damage to one foe. 95% accuracy.","(""UlforceVeedramon"",""Examon"",""SaberLeomon"",""Dynasmon"",""Beelzemon BM"",""Gryphonmon"",""Ouryumon"",""AeroVeedramon"",""Gigadramon"",""MachGaogamon"",""MirageGaogamon"",""Dinobeemon"",""KaiserGreymon"",""Merukimon"",""Silphymon"",""Megadramon"")","(""20"",""20"",""20"",""20"",""20"",""20"",""20"",""35"",""35"",""35"",""35"",""35"",""35"",""35"",""45"",""45"")"
493,Wind Cutter Sword,Wind,Physical,15,40,Special Move,"3 physical attacks, 40 Wind damage to one foe.","(""Chirinmon"")","(""1"")"
494,Winning Knuckle,Neutral,Physical,15,115,Special Move,"Physical attack, 115 Neutral damage to one foe. 20% chance of stunning target.","(""MachGaogamon"")","(""1"")"
495,Wolf Claw,Neutral,Physical,15,120,Special Move,"Physical attack, 120 Neutral damage to one foe.","(""WereGarurumon"")","(""1"")"
496,Wolkenapalm I,Fire,Physical,3,65,Inheritable,"Physical attack, 65 Fire damage to one foe. 95% accuracy.","(""Koromon"",""Agumon (Blk)"",""Guilmon"",""Dorumon"",""Dracomon"")","(""5"",""6"",""6"",""6"",""6"")"
497,Wolkenapalm II,Fire,Physical,6,85,Inheritable,"Physical attack, 85 Fire damage to one foe. 95% accuracy.","(""Growlmon"",""Greymon"",""Greymon (Blue)"",""GeoGreymon"",""Tyrannomon"",""Meramon"",""Gigadramon"",""Megadramon"",""WereGarurumon (Blk)"",""Airdramon"",""Triceramon"",""Agunimon"")","(""10"",""10"",""10"",""10"",""18"",""18"",""25"",""25"",""25"",""25"",""35"",""10"")"
498,Wolkenapalm III,Fire,Physical,9,105,Inheritable,"Physical attack, 105 Fire damage to one foe. 95% accuracy.","(""Hackmon"",""Dorugoramon"",""Gankoomon"",""KaiserGreymon"",""Flamedramon"",""BurningGreymon"",""DoruGreymon"",""Megidramon"",""WarGrowlmon"",""PileVolcamon"",""Goldramon"",""WarGreymon"",""Gaiomon"",""BlackWarGreymon"",""SkullMeramon"",""Volcanomon"",""RizeGreymon"",""MetalGreymon (Blue)"",""MetalGreymon"",""BlueMeramon"",""Beelzemon BM"",""Armageddemon"")","(""12"",""20"",""20"",""20"",""25"",""25"",""35"",""35"",""35"",""35"",""35"",""35"",""35"",""35"",""45"",""45"",""45"",""45"",""45"",""45"",""50"",""65"")"
499,Wyvern's Breath,Wind,Physical,25,110,Special Move,"Physical attack, 110 Wind damage to all foes. Receive recoil damage equal to 20% of HP.","(""Dynasmon"")","(""1"")"
500,X-Aura,Neutral,Support,25,0,Inheritable,Restores HP for all party members.,"(""Omnimon NX"",""Kerpymon (Good)"",""Plesiomon"",""Lucemon"",""Lotosmon"",""Goldramon"",""Magnadramon"",""Slayerdramon"")","(""25"",""35"",""35"",""45"",""50"",""50"",""65"",""65"")"
501,X-Heal,Neutral,Support,8,0,Inheritable,Restores HP for one party member.,"(""Angemon"",""Sunflowmon"",""Socerimon"",""Whamon"",""MagnaAngemon"",""Lillymon"",""Vikemon"",""Gallantmon"",""Piximon"")","(""18"",""25"",""25"",""25"",""25"",""25"",""35"",""35"",""45"")"
502,Zwei GlÃ¤nze,Neutral,Physical,20,150,Special Move,"Physical attack, 150 Neutral damage to one foe.","(""Durandamon"")","(""1"")"
503,Zwei Sieger,Light,Physical,10,90,Special Move,"Physical attack, 90 Light damage to one for. Tends to critical more often.","(""Lobomon"")","(""1"")"
